Date,Adj Close,Close,High,Low,Open,Volume,Monthly_Return
1985-01-01 00:00:00+00:00,179.6300049,179.6300049,180.2700043,163.3600006,167.1999969,2673710000,
1985-02-01 00:00:00+00:00,181.1799927,181.1799927,183.9499969,177.75,179.6300049,2194620000,0.008628779997
1985-03-01 00:00:00+00:00,180.6600037,180.6600037,183.8899994,176.5299988,181.1799927,2153090000,-0.002870013438
1985-04-01 00:00:00+00:00,179.8300018,179.8300018,183.6100006,177.8600006,180.6600037,1981880000,-0.004594275513
1985-05-01 00:00:00+00:00,189.5500031,189.5500031,189.9799957,178.3500061,179.8300018,2350340000,0.05405105445
1985-06-01 00:00:00+00:00,191.8500061,191.8500061,191.8500061,185.0299988,189.5500031,2117000000,0.01213401749
1985-07-01 00:00:00+00:00,190.9199982,190.9199982,196.0700073,189.3000031,191.8500061,2463070000,-0.004847578342
1985-08-01 00:00:00+00:00,188.6300049,188.6300049,192.1699982,186.1000061,190.9199982,1923200000,-0.01199451764
1985-09-01 00:00:00+00:00,182.0800018,182.0800018,188.8000031,179.4499969,188.6300049,1860160000,-0.03472407826
1985-10-01 00:00:00+00:00,189.8200073,189.8200073,190.1499939,181.1600037,182.0599976,2543240000,0.04250881709
1985-11-01 00:00:00+00:00,202.1699982,202.1699982,203.3999939,189.3699951,189.8200073,2445370000,0.0650615866
1985-12-01 00:00:00+00:00,211.2799988,211.2799988,213.0800018,200.1000061,202.1699982,2804380000,0.04506109063
1986-01-01 00:00:00+00:00,211.7799988,211.7799988,214.5700073,202.6000061,211.2799988,2879010000,0.002366527844
1986-02-01 00:00:00+00:00,226.9199982,226.9199982,227.9199982,210.8200073,211.7799988,2899100000,0.07148927886
1986-03-01 00:00:00+00:00,238.8999939,238.8999939,240.1100006,222.1799927,226.9199982,3214600000,0.05279391779
1986-04-01 00:00:00+00:00,235.5200043,235.5200043,245.4700012,226.3000031,238.8999939,3240400000,-0.01414813608
1986-05-01 00:00:00+00:00,247.3500061,247.3500061,249.1900024,232.2599945,235.5200043,2680240000,0.05022928675
1986-06-01 00:00:00+00:00,250.8399963,250.8399963,251.8099976,238.2299957,246.0399933,2649600000,0.01410952152
1986-07-01 00:00:00+00:00,236.1199951,236.1199951,253.1999969,233.0700073,250.6699982,3029900000,-0.05868283143
1986-08-01 00:00:00+00:00,252.9299927,252.9299927,254.2400055,231.9199982,236.1199951,2701900000,0.07119260506
1986-09-01 00:00:00+00:00,231.3200073,231.3200073,254.1300049,228.0800018,252.9299927,3166300000,-0.08543860348
1986-10-01 00:00:00+00:00,243.9799957,243.9799957,244.5099945,231.3200073,231.3200073,3016740000,0.05472932735
1986-11-01 00:00:00+00:00,249.2200012,249.2200012,249.2200012,235.5099945,243.9700012,2940830000,0.02147719315
1986-12-01 00:00:00+00:00,242.1699982,242.1699982,254.8699951,241.2799988,249.2200012,3260870000,-0.02828827148
1987-01-01 00:00:00+00:00,274.0799866,274.0799866,280.9599915,242.1699982,242.1699982,4040880000,0.1317668937
1987-02-01 00:00:00+00:00,284.2000122,284.2000122,287.5499878,273.1600037,274.0799866,3485300000,0.03692362132
1987-03-01 00:00:00+00:00,291.7000122,291.7000122,302.7200012,282.2999878,284.1700134,3965100000,0.02638986516
1987-04-01 00:00:00+00:00,288.3599854,288.3599854,303.6499939,275.6700134,291.5899963,3931700000,-0.01145021157
1987-05-01 00:00:00+00:00,290.1000061,290.1000061,298.6900024,277.0100098,286.9899902,3417700000,0.006034196284
1987-06-01 00:00:00+00:00,304,304,310.269989,286.9299927,290.1199951,3595000000,0.04791449019
1987-07-01 00:00:00+00:00,318.6600037,318.6600037,318.8500061,302.5299988,303.9899902,3966400000,0.04822369626
1987-08-01 00:00:00+00:00,329.7999878,329.7999878,337.8900146,314.5100098,318.6199951,4062400000,0.03495884015
1987-09-01 00:00:00+00:00,321.8299866,321.8299866,332.1799927,308.5599976,329.8099976,3723200000,-0.02416616591
1987-10-01 00:00:00+00:00,251.7899933,251.7899933,328.9400024,216.4600067,321.8299866,6094500000,-0.2176304142
1987-11-01 00:00:00+00:00,230.3000031,230.3000031,257.2099915,225.75,251.7299957,3589530000,-0.08534886535
1987-12-01 00:00:00+00:00,247.0800018,247.0800018,253.3500061,221.2400055,230.3200073,3926750000,0.07286147875
1988-01-01 00:00:00+00:00,257.0700073,257.0700073,261.7799988,240.1699982,247.1000061,3494700000,0.0404322706
1988-02-01 00:00:00+00:00,267.8200073,267.8200073,267.8200073,247.8200073,257.0499878,3693240000,0.04181740263
1988-03-01 00:00:00+00:00,258.8900146,258.8900146,272.6400146,256.0700073,267.8200073,4052970000,-0.03334326201
1988-04-01 00:00:00+00:00,261.3299866,261.3299866,272.0499878,254.7100067,258.8900146,3260760000,0.009424743272
1988-05-01 00:00:00+00:00,262.1600037,262.1600037,263.7000122,248.8500061,261.3599854,3231370000,0.003176126478
1988-06-01 00:00:00+00:00,273.5,273.5,276.8800049,262.1000061,262.1600037,4306710000,0.04325601228
1988-07-01 00:00:00+00:00,272.019989,272.019989,276.3599854,262.480011,273.5,3338470000,-0.005411374721
1988-08-01 00:00:00+00:00,261.519989,261.519989,274.2000122,256.5299988,272.0299988,3327470000,-0.03860010449
1988-09-01 00:00:00+00:00,271.9100037,271.9100037,274.8699951,256.980011,261.519989,3059450000,0.03972933269
1988-10-01 00:00:00+00:00,278.9700012,278.9700012,283.9500122,268.8399963,271.8900146,3415160000,0.02596446421
1988-11-01 00:00:00+00:00,273.7000122,273.7000122,280.3699951,262.8500061,278.9700012,2822820000,-0.01889088071
1988-12-01 00:00:00+00:00,277.7200012,277.7200012,280.4500122,270.4700012,273.6799927,2844900000,0.01468757338
1989-01-01 00:00:00+00:00,297.4700012,297.4700012,297.5100098,273.8099976,277.7200012,3532220000,0.07111479156
1989-02-01 00:00:00+00:00,288.8599854,288.8599854,300.5700073,286.2600098,297.4700012,3216280000,-0.02894414843
1989-03-01 00:00:00+00:00,294.8699951,294.8699951,299.9899902,286.4599915,288.8599854,3504530000,0.02080596161
1989-04-01 00:00:00+00:00,309.6400146,309.6400146,310.4500122,294.3500061,294.8699951,3237250000,0.05008993718
1989-05-01 00:00:00+00:00,320.519989,320.519989,323.0599976,304.0599976,309.6400146,3747320000,0.03513749467
1989-06-01 00:00:00+00:00,317.980011,317.980011,329.1900024,314.3800049,320.5100098,3966590000,-0.007924554207
1989-07-01 00:00:00+00:00,346.0799866,346.0799866,346.0799866,317.2600098,317.980011,3249030000,0.08837025793
1989-08-01 00:00:00+00:00,351.4500122,351.4500122,352.730011,339,346.0799866,3949100000,0.01551671822
1989-09-01 00:00:00+00:00,349.1499939,349.1499939,354.1300049,341.3699951,351.4500122,3035020000,-0.006544368276
1989-10-01 00:00:00+00:00,340.3599854,340.3599854,360.4400024,327.1199951,349.1499939,4012670000,-0.02517545095
1989-11-01 00:00:00+00:00,345.9899902,345.9899902,346.5,330.9100037,340.3599854,3032160000,0.01654132426
1989-12-01 00:00:00+00:00,353.3999939,353.3999939,354.1000061,339.6300049,346.0100098,3213420000,0.02141681514
1990-01-01 00:00:00+00:00,329.0799866,329.0799866,360.5899963,319.8299866,353.3999939,3793250000,-0.06881722621
1990-02-01 00:00:00+00:00,331.8900146,331.8900146,336.0899963,322.1000061,329.0799866,2961970000,0.008539042758
1990-03-01 00:00:00+00:00,339.9400024,339.9400024,344.4899902,331.0799866,331.8900146,3283280000,0.0242549864
1990-04-01 00:00:00+00:00,330.7999878,330.7999878,347.2999878,327.7600098,339.9400024,2801220000,-0.02688714062
1990-05-01 00:00:00+00:00,361.230011,361.230011,362.2600098,330.7999878,330.7999878,3596680000,0.0919891908
1990-06-01 00:00:00+00:00,358.019989,358.019989,368.7799988,351.230011,361.2600098,3226280000,-0.008886365681
1990-07-01 00:00:00+00:00,356.1499939,356.1499939,369.7799988,350.0899963,358.019989,3373540000,-0.005223158412
1990-08-01 00:00:00+00:00,322.5599976,322.5599976,357.3500061,306.1799927,356.1499939,4020730000,-0.09431418479
1990-09-01 00:00:00+00:00,306.0499878,306.0499878,326.5299988,295.980011,322.5599976,2687280000,-0.05118430646
1990-10-01 00:00:00+00:00,304,304,319.6900024,294.5100098,306.1000061,3671900000,-0.006698212301
1990-11-01 00:00:00+00:00,322.2200012,322.2200012,323.019989,301.6099854,303.9899902,3149770000,0.05993421454
1990-12-01 00:00:00+00:00,330.2200012,330.2200012,333.980011,321.9700012,322.230011,3116830000,0.02482775734
1991-01-01 00:00:00+00:00,343.9299927,343.9299927,343.9299927,309.3500061,330.2000122,3660240000,0.04151775
1991-02-01 00:00:00+00:00,367.0700073,367.0700073,370.9599915,340.3699951,343.9100037,4303170000,0.06728117681
1991-03-01 00:00:00+00:00,375.2200012,375.2200012,379.6600037,363.730011,367.0700073,3927920000,0.02220283252
1991-04-01 00:00:00+00:00,375.3399963,375.3399963,391.2600098,370.269989,375.2200012,4017200000,0.0003197993625
1991-05-01 00:00:00+00:00,389.8299866,389.8299866,389.8500061,365.8299866,375.3500061,3739700000,0.03860497249
1991-06-01 00:00:00+00:00,371.1600037,371.1600037,389.8099976,367.980011,389.8099976,3258730000,-0.04789262897
1991-07-01 00:00:00+00:00,387.8099976,387.8099976,387.8099976,370.9200134,371.1799927,3481570000,0.04485934296
1991-08-01 00:00:00+00:00,395.4299927,395.4299927,396.8200073,374.0899963,387.8099976,3713820000,0.01964878462
1991-09-01 00:00:00+00:00,387.8599854,387.8599854,397.6199951,382.769989,395.4299927,3260990000,-0.01914373584
1991-10-01 00:00:00+00:00,392.4500122,392.4500122,393.8099976,376.1099854,387.8599854,4082380000,0.01183423665
1991-11-01 00:00:00+00:00,375.2200012,375.2200012,398.2200012,371.6300049,392.4599915,3737620000,-0.04390370863
1991-12-01 00:00:00+00:00,417.0899963,417.0899963,418.3200073,371.3599854,375.1099854,4155310000,0.1115878551
1992-01-01 00:00:00+00:00,408.7799988,408.7799988,421.1799927,408.6400146,417.0299988,5286280000,-0.01992375178
1992-02-01 00:00:00+00:00,412.7000122,412.7000122,418.0799866,406.3399963,408.7900085,4267610000,0.009589543127
1992-03-01 00:00:00+00:00,403.6900024,403.6900024,413.7799988,401.9400024,412.6799927,4066240000,-0.02183186213
1992-04-01 00:00:00+00:00,414.9500122,414.9500122,416.2799988,392.4100037,403.6700134,4315840000,0.02789271396
1992-05-01 00:00:00+00:00,415.3500061,415.3500061,418.75,409.8500061,414.9500122,3643980000,0.0009639568254
1992-06-01 00:00:00+00:00,408.1400146,408.1400146,417.2999878,399.9200134,415.3500061,4259830000,-0.01735883315
1992-07-01 00:00:00+00:00,424.2099915,424.2099915,424.7999878,407.2000122,408.2000122,4265220000,0.03937368606
1992-08-01 00:00:00+00:00,414.0299988,414.0299988,425.1400146,408.2999878,424.1900024,3653820000,-0.0239975316
1992-09-01 00:00:00+00:00,417.7999878,417.7999878,425.269989,412.7099915,414.0299988,4023850000,0.009105593857
1992-10-01 00:00:00+00:00,418.6799927,418.6799927,421.1600037,396.7999878,417.7999878,4507010000,0.002106282692
1992-11-01 00:00:00+00:00,431.3500061,431.3500061,431.9299927,415.5799866,418.6600037,4148770000,0.0302618077
1992-12-01 00:00:00+00:00,435.7099915,435.7099915,442.6499939,428.6099854,431.3500061,4876150000,0.01010776699
1993-01-01 00:00:00+00:00,438.7799988,438.7799988,442.6600037,426.8800049,435.7000122,5280850000,0.007045987892
1993-02-01 00:00:00+00:00,443.3800049,443.3800049,450.0400085,428.25,438.7799988,5442450000,0.0104836276
1993-03-01 00:00:00+00:00,451.6700134,451.6700134,456.7600098,441.0700073,443.3800049,5766950000,0.01869729905
1993-04-01 00:00:00+00:00,440.1900024,440.1900024,452.6300049,432.2999878,451.6700134,5853170000,-0.02541681016
1993-05-01 00:00:00+00:00,450.1900024,450.1900024,454.5499878,436.8599854,440.1900024,5108640000,0.02271746279
1993-06-01 00:00:00+00:00,450.5299988,450.5299988,455.6300049,442.5,450.230011,5544400000,0.0007552285392
1993-07-01 00:00:00+00:00,448.1300049,448.1300049,451.1499939,441.3999939,450.5400085,5308530000,-0.005327045708
1993-08-01 00:00:00+00:00,463.5599976,463.5599976,463.5599976,446.9400024,448.1300049,5506200000,0.03443195615
1993-09-01 00:00:00+00:00,458.9299927,458.9299927,463.7999878,449.6400146,463.5499878,5552720000,-0.009987930165
1993-10-01 00:00:00+00:00,467.8299866,467.8299866,471.1000061,456.3999939,458.9299927,5940460000,0.01939292275
1993-11-01 00:00:00+00:00,461.7900085,461.7900085,469.1099854,454.3599854,467.8299866,5876610000,-0.01291062608
1993-12-01 00:00:00+00:00,466.4500122,466.4500122,471.2900085,461.4500122,461.9299927,5791210000,0.01009117472
1994-01-01 00:00:00+00:00,481.6099854,481.6099854,482.8500061,464.3599854,466.5100098,6627390000,0.03250074552
1994-02-01 00:00:00+00:00,467.1400146,467.1400146,482.230011,464.2600098,481.6000061,5853100000,-0.03004499729
1994-03-01 00:00:00+00:00,445.769989,445.769989,471.0899963,436.1600037,467.1900024,7225010000,-0.04574651061
1994-04-01 00:00:00+00:00,450.9100037,450.9100037,452.7900085,435.8599854,445.6600037,5735010000,0.0115306431
1994-05-01 00:00:00+00:00,456.5,456.5,457.769989,440.7799988,450.9100037,5675970000,0.0123971442
1994-06-01 00:00:00+00:00,444.269989,444.269989,463.230011,439.8299866,456.5,5852670000,-0.02679082363
1994-07-01 00:00:00+00:00,458.2600098,458.2600098,459.3299866,443.5799866,444.269989,4980100000,0.03148990726
1994-08-01 00:00:00+00:00,475.4899902,475.4899902,477.5899963,456.0799866,458.2799988,6398750000,0.03759869965
1994-09-01 00:00:00+00:00,462.7099915,462.7099915,475.4899902,458.4700012,475.4899902,6152870000,-0.02687753484
1994-10-01 00:00:00+00:00,472.3500061,472.3500061,474.7399902,449.269989,462.6900024,6344700000,0.02083381562
1994-11-01 00:00:00+00:00,453.6900024,453.6900024,472.2600098,444.1799927,472.2600098,6251240000,-0.03950461188
1994-12-01 00:00:00+00:00,459.269989,459.269989,462.730011,442.8800049,453.5499878,6351530000,0.01229911733
1995-01-01 00:00:00+00:00,470.4200134,470.4200134,471.3599854,457.2000122,459.2099915,6852060000,0.02427771176
1995-02-01 00:00:00+00:00,487.3900146,487.3900146,489.1900024,469.2900085,470.4200134,6330100000,0.03607414807
1995-03-01 00:00:00+00:00,500.7099915,500.7099915,508.1499939,479.7000122,487.3900146,7792400000,0.02732919511
1995-04-01 00:00:00+00:00,514.710022,514.710022,515.289978,500.2000122,500.7000122,6307030000,0.0279603578
1995-05-01 00:00:00+00:00,533.4000244,533.4000244,533.4099731,513.0300293,514.7600098,7555690000,0.0363117127
1995-06-01 00:00:00+00:00,544.75,544.75,551.0700073,526,533.4000244,7555650000,0.02127854343
1995-07-01 00:00:00+00:00,562.0599976,562.0599976,565.4000244,542.5100098,544.75,7307960000,0.03177603958
1995-08-01 00:00:00+00:00,561.8800049,561.8800049,565.6199951,553.039978,562.0599976,7146620000,-0.0003202374774
1995-09-01 00:00:00+00:00,584.4099731,584.4099731,587.6099854,561.0100098,561.8800049,7052830000,0.04009747289
1995-10-01 00:00:00+00:00,581.5,581.5,590.6599731,571.5499878,584.4099731,8043320000,-0.00497933519
1995-11-01 00:00:00+00:00,605.3699951,605.3699951,608.6900024,581.039978,581.5,7602150000,0.04104900278
1995-12-01 00:00:00+00:00,615.9299927,615.9299927,622.8800049,605.0499878,605.3699951,7697540000,0.01744387341
1996-01-01 00:00:00+00:00,636.0200195,636.0200195,636.1799927,597.289978,615.9299927,9188050000,0.03261738687
1996-02-01 00:00:00+00:00,640.4299927,640.4299927,664.2299805,633.710022,636.0200195,8749960000,0.006933701785
1996-03-01 00:00:00+00:00,645.5,645.5,656.9699707,627.6300049,640.4299927,8984200000,0.007916567591
1996-04-01 00:00:00+00:00,654.1699829,654.1699829,656.6799927,624.1400146,645.5,8875580000,0.01343142201
1996-05-01 00:00:00+00:00,669.1199951,669.1199951,681.0999756,630.0700073,654.1699829,8921140000,0.02285340599
1996-06-01 00:00:00+00:00,670.6300049,670.6300049,680.3200073,658.75,669.1199951,7930840000,0.002256709972
1996-07-01 00:00:00+00:00,639.9500122,639.9500122,675.8800049,605.8800049,670.6300049,8849860000,-0.04574801672
1996-08-01 00:00:00+00:00,651.9899902,651.9899902,670.6799927,639.4899902,639.9500122,7380320000,0.01881393515
1996-09-01 00:00:00+00:00,687.3300171,687.3300171,690.8800049,643.9699707,651.9899902,8064070000,0.05420332733
1996-10-01 00:00:00+00:00,705.2700195,705.2700195,714.0999756,684.4400024,687.3099976,9703670000,0.02610100242
1996-11-01 00:00:00+00:00,757.0200195,757.0200195,762.1199951,701.2999878,705.2700195,8763850000,0.07337615178
1996-12-01 00:00:00+00:00,740.7399902,740.7399902,761.75,716.6900024,757.0200195,9089170000,-0.02150541449
1997-01-01 00:00:00+00:00,786.1599731,786.1599731,794.6699829,729.5499878,740.7399902,11635830000,0.06131703905
1997-02-01 00:00:00+00:00,790.8200073,790.8200073,817.6799927,773.4299927,786.1599731,9715930000,0.005927590235
1997-03-01 00:00:00+00:00,757.1199951,757.1199951,814.9000244,756.1300049,790.8200073,10120760000,-0.04261401064
1997-04-01 00:00:00+00:00,801.3400269,801.3400269,804.1300049,733.539978,757.1199951,10454880000,0.05840557907
1997-05-01 00:00:00+00:00,848.2800293,848.2800293,851.8699951,793.210022,801.3400269,10106650000,0.0585768848
1997-06-01 00:00:00+00:00,885.1400146,885.1400146,902.0900269,838.8200073,848.2800293,10857950000,0.0434526148
1997-07-01 00:00:00+00:00,954.3099976,954.3099976,957.7299805,884.539978,885.1400146,11958120000,0.07814580944
1997-08-01 00:00:00+00:00,899.4699707,899.4699707,964.1699829,893.3400269,954.289978,10606100000,-0.05746563171
1997-09-01 00:00:00+00:00,947.2800293,947.2800293,960.5900269,899.4699707,899.4699707,11383000000,0.05315359062
1997-10-01 00:00:00+00:00,914.6199951,914.6199951,983.1199951,855.2700195,947.2800293,14017260000,-0.03447769738
1997-11-01 00:00:00+00:00,955.4000244,955.4000244,964.5499878,900.6099854,914.6199951,10173620000,0.04458685521
1997-12-01 00:00:00+00:00,970.4299927,970.4299927,986.25,924.9199829,955.4000244,11958880000,0.01573159711
1998-01-01 00:00:00+00:00,980.2800293,980.2800293,992.6500244,912.8300171,970.4299927,12733830000,0.01015017744
1998-02-01 00:00:00+00:00,1049.339966,1049.339966,1051.660034,980.2800293,980.2800293,11656550000,0.07044919254
1998-03-01 00:00:00+00:00,1101.75,1101.75,1113.069946,1030.869995,1049.339966,13719590000,0.04994571434
1998-04-01 00:00:00+00:00,1111.75,1111.75,1132.97998,1076.699951,1101.75,13656060000,0.009076469253
1998-05-01 00:00:00+00:00,1090.819946,1090.819946,1130.52002,1074.390015,1111.75,11477140000,-0.01882622326
1998-06-01 00:00:00+00:00,1133.839966,1133.839966,1145.150024,1074.670044,1090.819946,13551970000,0.03943824064
1998-07-01 00:00:00+00:00,1120.670044,1120.670044,1190.579956,1114.300049,1133.839966,14194800000,-0.01161532692
1998-08-01 00:00:00+00:00,957.2800293,957.2800293,1121.790039,957.2800293,1120.670044,15071550000,-0.1457967183
1998-09-01 00:00:00+00:00,1017.01001,1017.01001,1066.109985,939.9799805,957.2800293,16714080000,0.06239551504
1998-10-01 00:00:00+00:00,1098.670044,1098.670044,1103.780029,923.3200073,1017.01001,18001650000,0.08029422857
1998-11-01 00:00:00+00:00,1163.630005,1163.630005,1192.969971,1098.670044,1098.670044,13451280000,0.05912599629
1998-12-01 00:00:00+00:00,1229.22998,1229.22998,1244.930054,1136.890015,1163.630005,15181450000,0.05637528708
1999-01-01 00:00:00+00:00,1279.640015,1279.640015,1280.369995,1205.459961,1229.22998,16213500000,0.04100944085
1999-02-01 00:00:00+00:00,1238.329956,1238.329956,1283.839966,1211.890015,1279.640015,14555860000,-0.03228256238
1999-03-01 00:00:00+00:00,1286.369995,1286.369995,1323.819946,1216.030029,1238.329956,18002500000,0.03879421541
1999-04-01 00:00:00+00:00,1335.180054,1335.180054,1371.560059,1282.560059,1286.369995,18523200000,0.0379440276
1999-05-01 00:00:00+00:00,1301.839966,1301.839966,1375.97998,1277.310059,1335.180054,15880260000,-0.0249704808
1999-06-01 00:00:00+00:00,1372.709961,1372.709961,1372.930054,1277.469971,1301.839966,16079170000,0.05443833111
1999-07-01 00:00:00+00:00,1328.719971,1328.719971,1420.329956,1328.48999,1372.709961,15332930000,-0.03204609239
1999-08-01 00:00:00+00:00,1320.410034,1320.410034,1382.839966,1267.72998,1328.719971,15818550000,-0.006254091687
1999-09-01 00:00:00+00:00,1282.709961,1282.709961,1361.390015,1256.26001,1320.410034,16438700000,-0.02855179245
1999-10-01 00:00:00+00:00,1362.930054,1362.930054,1373.170044,1233.699951,1282.709961,18832000000,0.06253954145
1999-11-01 00:00:00+00:00,1388.910034,1388.910034,1425.310059,1346.410034,1362.930054,18384820000,0.01906185897
1999-12-01 00:00:00+00:00,1469.25,1469.25,1473.099976,1387.380005,1388.910034,19640690000,0.05784389474
2000-01-01 00:00:00+00:00,1394.459961,1394.459961,1478,1350.140015,1469.25,21494400000,-0.05090354879
2000-02-01 00:00:00+00:00,1366.420044,1366.420044,1444.550049,1325.069946,1394.459961,20912000000,-0.02010808326
2000-03-01 00:00:00+00:00,1498.579956,1498.579956,1552.869995,1346.619995,1366.420044,26156200000,0.09671982835
2000-04-01 00:00:00+00:00,1452.430054,1452.430054,1527.189941,1339.400024,1498.579956,20106460000,-0.03079575578
2000-05-01 00:00:00+00:00,1420.599976,1420.599976,1481.51001,1361.089966,1452.430054,19898300000,-0.0219150506
2000-06-01 00:00:00+00:00,1454.599976,1454.599976,1488.930054,1420.599976,1420.599976,21738300000,0.02393354962
2000-07-01 00:00:00+00:00,1430.829956,1430.829956,1517.319946,1413.890015,1454.599976,19089100000,-0.0163412759
2000-08-01 00:00:00+00:00,1517.680054,1517.680054,1525.209961,1425.430054,1430.829956,20363700000,0.06069910494
2000-09-01 00:00:00+00:00,1436.51001,1436.51001,1530.089966,1419.439941,1517.680054,20838300000,-0.05348297472
2000-10-01 00:00:00+00:00,1429.400024,1429.400024,1454.819946,1305.790039,1436.52002,25951400000,-0.004949485422
2000-11-01 00:00:00+00:00,1314.949951,1314.949951,1438.459961,1294.900024,1429.400024,20532300000,-0.08006861011
2000-12-01 00:00:00+00:00,1320.280029,1320.280029,1389.050049,1254.069946,1314.949951,23610800000,0.004053445624
2001-01-01 00:00:00+00:00,1366.01001,1366.01001,1383.369995,1274.619995,1320.280029,27829800000,0.03463657668
2001-02-01 00:00:00+00:00,1239.939941,1239.939941,1376.380005,1215.439941,1366.01001,21644400000,-0.0922907354
2001-03-01 00:00:00+00:00,1160.329956,1160.329956,1267.420044,1081.189941,1239.939941,27806610000,-0.0642047108
2001-04-01 00:00:00+00:00,1249.459961,1249.459961,1269.300049,1091.98999,1160.329956,25409990000,0.07681436165
2001-05-01 00:00:00+00:00,1255.819946,1255.819946,1315.930054,1232,1249.459961,24525900000,0.005090187401
2001-06-01 00:00:00+00:00,1224.380005,1224.380005,1286.619995,1203.030029,1255.819946,24748030000,-0.02503538943
2001-07-01 00:00:00+00:00,1211.22998,1211.22998,1239.780029,1165.540039,1224.420044,23793710000,-0.0107401496
2001-08-01 00:00:00+00:00,1133.579956,1133.579956,1226.27002,1124.869995,1211.22998,23359200000,-0.06410840688
2001-09-01 00:00:00+00:00,1040.939941,1040.939941,1155.400024,944.75,1133.579956,25025290000,-0.08172340571
2001-10-01 00:00:00+00:00,1059.780029,1059.780029,1110.609985,1026.76001,1040.939941,29951280000,0.01809911133
2001-11-01 00:00:00+00:00,1139.449951,1139.449951,1163.380005,1054.310059,1059.780029,26330000000,0.07517590412
2001-12-01 00:00:00+00:00,1148.079956,1148.079956,1173.619995,1114.530029,1139.449951,25128570000,0.007573834089
2002-01-01 00:00:00+00:00,1130.199951,1130.199951,1176.969971,1081.660034,1148.079956,29746200000,-0.01557383246
2002-02-01 00:00:00+00:00,1106.72998,1106.72998,1130.199951,1074.359985,1130.199951,26047600000,-0.02076621104
2002-03-01 00:00:00+00:00,1147.390015,1147.390015,1173.939941,1106.72998,1106.72998,26563200000,0.03673889286
2002-04-01 00:00:00+00:00,1076.920044,1076.920044,1147.839966,1063.459961,1147.390015,28568900000,-0.06141762592
2002-05-01 00:00:00+00:00,1067.140015,1067.140015,1106.589966,1048.959961,1076.920044,26905500000,-0.009081481352
2002-06-01 00:00:00+00:00,989.8200073,989.8200073,1070.73999,952.9199829,1067.140015,29981510000,-0.07245535381
2002-07-01 00:00:00+00:00,911.6199951,911.6199951,994.460022,775.6799927,989.8200073,42228720000,-0.07900427515
2002-08-01 00:00:00+00:00,916.0700073,916.0700073,965,833.4400024,911.6199951,29298400000,0.004881433306
2002-09-01 00:00:00+00:00,815.2800293,815.2800293,924.0200195,800.2000122,916.0700073,27723710000,-0.1100243183
2002-10-01 00:00:00+00:00,885.7600098,885.7600098,907.4400024,768.6300049,815.2800293,37856310000,0.08644880033
2002-11-01 00:00:00+00:00,936.3099976,936.3099976,941.8200073,872.0499878,885.7600098,29200960000,0.0570696207
2002-12-01 00:00:00+00:00,879.8200073,879.8200073,954.2800293,869.4500122,936.3099976,25993640000,-0.06033257189
2003-01-01 00:00:00+00:00,855.7000122,855.7000122,935.0499878,840.3400269,879.8200073,30749580000,-0.02741469268
2003-02-01 00:00:00+00:00,841.1500244,841.1500244,864.6400146,806.289978,855.7000122,25235300000,-0.01700360826
2003-03-01 00:00:00+00:00,848.1799927,848.1799927,895.9000244,788.9000244,841.1500244,30080030000,0.008357567684
2003-04-01 00:00:00+00:00,916.9199829,916.9199829,924.2399902,847.8499756,848.1799927,29669610000,0.08104410718
2003-05-01 00:00:00+00:00,963.5900269,963.5900269,965.3800049,902.8300171,916.9199829,30952100000,0.05089870961
2003-06-01 00:00:00+00:00,974.5,974.5,1015.330017,963.5900269,963.5900269,31219400000,0.01132221468
2003-07-01 00:00:00+00:00,990.3099976,990.3099976,1015.409973,962.0999756,974.5,31553200000,0.01622370196
2003-08-01 00:00:00+00:00,1008.01001,1008.01001,1011.01001,960.8400269,990.3099976,24881470000,0.01787320359
2003-09-01 00:00:00+00:00,995.9699707,995.9699707,1040.290039,990.3599854,1008.01001,29940110000,-0.01194436459
2003-10-01 00:00:00+00:00,1050.709961,1050.709961,1053.790039,995.9699707,995.9699707,32298500000,0.05496148664
2003-11-01 00:00:00+00:00,1058.199951,1058.199951,1063.650024,1031.199951,1050.709961,24463220000,0.007128504071
2003-12-01 00:00:00+00:00,1111.920044,1111.920044,1112.560059,1053.410034,1058.199951,27839130000,0.05076554078
2004-01-01 00:00:00+00:00,1131.130005,1131.130005,1155.380005,1105.079956,1111.920044,32820000000,0.01727638695
2004-02-01 00:00:00+00:00,1144.939941,1144.939941,1158.97998,1124.439941,1131.130005,27985600000,0.01220897374
2004-03-01 00:00:00+00:00,1126.209961,1126.209961,1163.22998,1087.160034,1144.939941,33597900000,-0.01635891962
2004-04-01 00:00:00+00:00,1107.300049,1107.300049,1150.569946,1107.22998,1126.209961,31611900000,-0.01679075196
2004-05-01 00:00:00+00:00,1120.680054,1120.680054,1127.73999,1076.319946,1107.300049,29326400000,0.0120834501
2004-06-01 00:00:00+00:00,1140.839966,1140.839966,1146.339966,1113.319946,1120.680054,27529500000,0.01798899877
2004-07-01 00:00:00+00:00,1101.719971,1101.719971,1140.839966,1078.780029,1140.839966,29285600000,-0.03429051952
2004-08-01 00:00:00+00:00,1104.23999,1104.23999,1109.680054,1060.719971,1101.719971,26586800000,0.002287350323
2004-09-01 00:00:00+00:00,1114.579956,1114.579956,1131.540039,1099.180054,1104.23999,26829870000,0.009363875527
2004-10-01 00:00:00+00:00,1130.199951,1130.199951,1142.050049,1090.290039,1114.579956,31511000000,0.01401424369
2004-11-01 00:00:00+00:00,1173.819946,1173.819946,1188.459961,1127.599976,1130.199951,30460280000,0.0385949363
2004-12-01 00:00:00+00:00,1211.920044,1211.920044,1217.329956,1173.780029,1173.780029,31102500000,0.03245821284
2005-01-01 00:00:00+00:00,1181.27002,1181.27002,1217.800049,1163.75,1211.920044,31498800000,-0.02529046744
2005-02-01 00:00:00+00:00,1203.599976,1203.599976,1212.439941,1180.949951,1181.27002,29297410000,0.01890334613
2005-03-01 00:00:00+00:00,1180.589966,1180.589966,1229.109985,1163.689941,1203.599976,39014150000,-0.01911765556
2005-04-01 00:00:00+00:00,1156.849976,1156.849976,1191.880005,1136.150024,1180.589966,43424270000,-0.02010858208
2005-05-01 00:00:00+00:00,1191.5,1191.5,1199.560059,1146.180054,1156.849976,39321990000,0.02995204663
2005-06-01 00:00:00+00:00,1191.329956,1191.329956,1219.589966,1188.300049,1191.5,40334040000,-0.0001427141799
2005-07-01 00:00:00+00:00,1234.180054,1234.180054,1245.150024,1183.550049,1191.329956,37464670000,0.0359682869
2005-08-01 00:00:00+00:00,1220.329956,1220.329956,1245.859985,1201.069946,1234.180054,42030090000,-0.0112221046
2005-09-01 00:00:00+00:00,1228.810059,1228.810059,1243.130005,1205.349976,1220.329956,44777510000,0.006949024317
2005-10-01 00:00:00+00:00,1207.01001,1207.01001,1233.339966,1168.199951,1228.810059,49793790000,-0.01774077993
2005-11-01 00:00:00+00:00,1249.47998,1249.47998,1270.640015,1201.069946,1207.01001,45102870000,0.03518609652
2005-12-01 00:00:00+00:00,1248.290039,1248.290039,1275.800049,1246.589966,1249.47998,41756130000,-0.0009523493172
2006-01-01 00:00:00+00:00,1280.079956,1280.079956,1294.900024,1245.73999,1248.290039,49211650000,0.02546677134
2006-02-01 00:00:00+00:00,1280.660034,1280.660034,1297.569946,1253.609985,1280.079956,42859940000,0.0004531577284
2006-03-01 00:00:00+00:00,1294.869995,1294.869995,1310.880005,1268.420044,1280.660034,50905040000,0.01109581041
2006-04-01 00:00:00+00:00,1310.609985,1310.609985,1318.160034,1280.73999,1302.880005,43308430000,0.01215565292
2006-05-01 00:00:00+00:00,1270.089966,1270.089966,1326.699951,1245.339966,1310.609985,54312830000,-0.03091691654
2006-06-01 00:00:00+00:00,1270.199951,1270.199951,1290.680054,1219.290039,1270.050049,54873260000,8.66E-05
2006-07-01 00:00:00+00:00,1276.660034,1276.660034,1280.420044,1224.540039,1270.060059,46348220000,0.005085878803
2006-08-01 00:00:00+00:00,1303.819946,1303.819946,1306.73999,1261.300049,1278.530029,50485620000,0.02127419312
2006-09-01 00:00:00+00:00,1335.849976,1335.849976,1340.280029,1290.930054,1303.800049,49001440000,0.02456629797
2006-10-01 00:00:00+00:00,1377.939941,1377.939941,1389.449951,1327.099976,1335.819946,56793620000,0.03150800359
2006-11-01 00:00:00+00:00,1400.630005,1400.630005,1407.890015,1360.97998,1377.76001,55343930000,0.01646665634
2006-12-01 00:00:00+00:00,1418.300049,1418.300049,1431.810059,1385.930054,1400.630005,47578780000,0.01261578281
2007-01-01 00:00:00+00:00,1438.23999,1438.23999,1441.609985,1403.969971,1418.030029,56686200000,0.01405904302
2007-02-01 00:00:00+00:00,1406.819946,1406.819946,1461.569946,1389.420044,1437.900024,51844990000,-0.02184617599
2007-03-01 00:00:00+00:00,1420.859985,1420.859985,1438.890015,1363.97998,1406.800049,67622250000,0.009979982939
2007-04-01 00:00:00+00:00,1482.369995,1482.369995,1498.02002,1416.369995,1420.829956,57032470000,0.04329069043
2007-05-01 00:00:00+00:00,1530.619995,1530.619995,1535.560059,1476.699951,1482.369995,64958050000,0.03254922871
2007-06-01 00:00:00+00:00,1503.349976,1503.349976,1540.560059,1484.180054,1530.619995,65322800000,-0.01781632255
2007-07-01 00:00:00+00:00,1455.27002,1455.27002,1555.900024,1454.25,1504.660034,70337430000,-0.03198187836
2007-08-01 00:00:00+00:00,1473.98999,1473.98999,1503.890015,1370.599976,1455.180054,91381760000,0.01286357202
2007-09-01 00:00:00+00:00,1526.75,1526.75,1538.73999,1439.290039,1473.959961,57809700000,0.03579400818
2007-10-01 00:00:00+00:00,1549.380005,1549.380005,1576.089966,1489.560059,1527.290039,76022580000,0.01482233822
2007-11-01 00:00:00+00:00,1481.140015,1481.140015,1545.790039,1406.099976,1545.790039,86246950000,-0.04404341738
2007-12-01 00:00:00+00:00,1468.359985,1468.359985,1523.569946,1435.650024,1479.630005,64821670000,-0.008628508561
2008-01-01 00:00:00+00:00,1378.550049,1378.550049,1471.77002,1270.050049,1467.969971,98475340000,-0.06116343228
2008-02-01 00:00:00+00:00,1330.630005,1330.630005,1396.02002,1316.75,1378.599976,78536130000,-0.03476119274
2008-03-01 00:00:00+00:00,1322.699951,1322.699951,1359.680054,1256.97998,1330.449951,93189170000,-0.005959623398
2008-04-01 00:00:00+00:00,1385.589966,1385.589966,1404.569946,1324.349976,1326.410034,85978630000,0.04754669764
2008-05-01 00:00:00+00:00,1400.380005,1400.380005,1440.23999,1373.069946,1385.969971,80990480000,0.0106741817
2008-06-01 00:00:00+00:00,1280,1280,1404.050049,1272,1399.619995,96614040000,-0.08596238483
2008-07-01 00:00:00+00:00,1267.380005,1267.380005,1292.170044,1200.439941,1276.689941,124980570000,-0.009859371185
2008-08-01 00:00:00+00:00,1282.829956,1282.829956,1313.150024,1247.449951,1269.420044,86266010000,0.01219046467
2008-09-01 00:00:00+00:00,1166.359985,1166.359985,1303.040039,1106.420044,1287.829956,140007320000,-0.09079143354
2008-10-01 00:00:00+00:00,968.75,968.75,1167.030029,839.7999878,1164.170044,159823030000,-0.169424524
2008-11-01 00:00:00+00:00,896.2399902,896.2399902,1007.51001,741.0200195,968.6699829,115660210000,-0.07484904234
2008-12-01 00:00:00+00:00,903.25,903.25,918.8499756,815.6900024,888.6099854,112884470000,0.007821576633
2009-01-01 00:00:00+00:00,825.8800049,825.8800049,943.8499756,804.2999878,902.9899902,112090640000,-0.08565734306
2009-02-01 00:00:00+00:00,735.0900269,735.0900269,875.0100098,734.5200195,823.0900269,124492210000,-0.1099311976
2009-03-01 00:00:00+00:00,797.8699951,797.8699951,832.9799805,666.789978,729.5700073,161843640000,0.085404462
2009-04-01 00:00:00+00:00,872.8099976,872.8099976,888.7000122,783.3200073,793.5900269,138855320000,0.09392507915
2009-05-01 00:00:00+00:00,919.1400146,919.1400146,930.1699829,866.0999756,872.7399902,131614940000,0.05308144639
2009-06-01 00:00:00+00:00,919.3200073,919.3200073,956.2299805,888.8599854,923.2600098,112653150000,0.0001958272656
2009-07-01 00:00:00+00:00,987.4799805,987.4799805,996.6799927,869.3200073,920.8200073,106635790000,0.07414172715
2009-08-01 00:00:00+00:00,1020.619995,1020.619995,1039.469971,978.5100098,990.2199707,116059270000,0.03356018887
2009-09-01 00:00:00+00:00,1057.079956,1057.079956,1080.150024,991.9699707,1019.52002,112295490000,0.03572334572
2009-10-01 00:00:00+00:00,1036.189941,1036.189941,1101.359985,1019.950012,1054.910034,113410990000,-0.01976200053
2009-11-01 00:00:00+00:00,1095.630005,1095.630005,1113.689941,1029.380005,1036.180054,84981530000,0.05736406145
2009-12-01 00:00:00+00:00,1115.099976,1115.099976,1130.380005,1085.890015,1098.890015,89515330000,0.01777057092
2010-01-01 00:00:00+00:00,1073.869995,1073.869995,1150.449951,1071.589966,1116.560059,90947580000,-0.03697424569
2010-02-01 00:00:00+00:00,1104.48999,1104.48999,1112.420044,1044.5,1073.890015,84561340000,0.02851368905
2010-03-01 00:00:00+00:00,1169.430054,1169.430054,1180.689941,1105.359985,1105.359985,103683550000,0.05879642555
2010-04-01 00:00:00+00:00,1186.689941,1186.689941,1219.800049,1170.689941,1171.22998,116741910000,0.01475923048
2010-05-01 00:00:00+00:00,1089.410034,1089.410034,1205.130005,1040.780029,1188.579956,127662780000,-0.08197584207
2010-06-01 00:00:00+00:00,1030.709961,1030.709961,1131.22998,1028.329956,1087.300049,110106750000,-0.05388244224
2010-07-01 00:00:00+00:00,1101.599976,1101.599976,1120.949951,1010.909973,1031.099976,94778110000,0.06877784957
2010-08-01 00:00:00+00:00,1049.329956,1049.329956,1129.23999,1039.699951,1107.530029,85738250000,-0.04744918363
2010-09-01 00:00:00+00:00,1141.199951,1141.199951,1157.160034,1049.719971,1049.719971,79589450000,0.08755110305
2010-10-01 00:00:00+00:00,1183.26001,1183.26001,1196.140015,1131.869995,1143.48999,89536270000,0.03685599404
2010-11-01 00:00:00+00:00,1180.550049,1180.550049,1227.079956,1173,1185.709961,87151070000,-0.002290249747
2010-12-01 00:00:00+00:00,1257.640015,1257.640015,1262.599976,1186.599976,1186.599976,80984530000,0.06530004035
2011-01-01 00:00:00+00:00,1286.119995,1286.119995,1302.670044,1257.619995,1257.619995,92164940000,0.02264557436
2011-02-01 00:00:00+00:00,1327.219971,1327.219971,1344.069946,1289.140015,1289.140015,59223660000,0.03195656373
2011-03-01 00:00:00+00:00,1325.829956,1325.829956,1332.280029,1249.050049,1328.640015,89507640000,-0.001047312939
2011-04-01 00:00:00+00:00,1363.609985,1363.609985,1364.560059,1294.699951,1329.47998,77364810000,0.02849538067
2011-05-01 00:00:00+00:00,1345.199951,1345.199951,1370.579956,1311.800049,1365.209961,81708980000,-0.0135009529
2011-06-01 00:00:00+00:00,1320.640015,1320.640015,1345.199951,1258.069946,1345.199951,86122730000,-0.01825746165
2011-07-01 00:00:00+00:00,1292.280029,1292.280029,1356.47998,1282.859985,1320.640015,81102170000,-0.02147442531
2011-08-01 00:00:00+00:00,1218.890015,1218.890015,1307.380005,1101.540039,1292.589966,108419170000,-0.05679110795
2011-09-01 00:00:00+00:00,1131.420044,1131.420044,1229.290039,1114.219971,1219.119995,102786820000,-0.07176198808
2011-10-01 00:00:00+00:00,1253.300049,1253.300049,1292.660034,1074.77002,1131.209961,98063670000,0.1077230384
2011-11-01 00:00:00+00:00,1246.959961,1246.959961,1277.550049,1158.660034,1251,84275050000,-0.005058715107
2011-12-01 00:00:00+00:00,1257.599976,1257.599976,1269.369995,1202.369995,1246.910034,74742430000,0.008532763667
2012-01-01 00:00:00+00:00,1312.410034,1312.410034,1333.469971,1258.859985,1258.859985,79567560000,0.0435830627
2012-02-01 00:00:00+00:00,1365.680054,1365.680054,1378.040039,1312.449951,1312.449951,78385710000,0.04058946377
2012-03-01 00:00:00+00:00,1408.469971,1408.469971,1419.150024,1340.030029,1365.900024,83899660000,0.03133231453
2012-04-01 00:00:00+00:00,1397.910034,1397.910034,1422.380005,1357.380005,1408.469971,74761710000,-0.007497452372
2012-05-01 00:00:00+00:00,1310.329956,1310.329956,1415.319946,1291.97998,1397.859985,86920490000,-0.06265072571
2012-06-01 00:00:00+00:00,1362.160034,1362.160034,1363.459961,1266.73999,1309.869995,81582440000,0.03955498223
2012-07-01 00:00:00+00:00,1379.319946,1379.319946,1391.73999,1325.410034,1362.329956,73103810000,0.0125975742
2012-08-01 00:00:00+00:00,1406.579956,1406.579956,1426.680054,1354.650024,1379.319946,70283810000,0.01976336951
2012-09-01 00:00:00+00:00,1440.670044,1440.670044,1474.51001,1396.560059,1406.540039,69784280000,0.02423615362
2012-10-01 00:00:00+00:00,1412.160034,1412.160034,1470.959961,1403.280029,1440.900024,71752320000,-0.01978940972
2012-11-01 00:00:00+00:00,1416.180054,1416.180054,1434.27002,1343.349976,1412.199951,71489310000,0.002846716685
2012-12-01 00:00:00+00:00,1426.189941,1426.189941,1448,1398.109985,1416.339966,66388180000,0.007068230956
2013-01-01 00:00:00+00:00,1498.109985,1498.109985,1509.939941,1426.189941,1426.189941,75848510000,0.05042809647
2013-02-01 00:00:00+00:00,1514.680054,1514.680054,1530.939941,1485.01001,1498.109985,69273480000,0.01106064877
2013-03-01 00:00:00+00:00,1569.189941,1569.189941,1570.280029,1501.47998,1514.680054,68527110000,0.03598772398
2013-04-01 00:00:00+00:00,1597.569946,1597.569946,1597.569946,1536.030029,1569.180054,77098000000,0.01808576778
2013-05-01 00:00:00+00:00,1630.73999,1630.73999,1687.180054,1581.280029,1597.550049,76447250000,0.02076281168
2013-06-01 00:00:00+00:00,1606.280029,1606.280029,1654.189941,1560.329956,1631.709961,74946790000,-0.0149993016
2013-07-01 00:00:00+00:00,1685.72998,1685.72998,1698.780029,1604.569946,1609.780029,68106820000,0.04946207991
2013-08-01 00:00:00+00:00,1632.969971,1632.969971,1709.670044,1627.469971,1689.420044,64802810000,-0.03129801948
2013-09-01 00:00:00+00:00,1681.550049,1681.550049,1729.859985,1633.410034,1635.949951,66174410000,0.02974952326
2013-10-01 00:00:00+00:00,1756.540039,1756.540039,1775.219971,1646.469971,1682.410034,76647400000,0.04459575276
2013-11-01 00:00:00+00:00,1805.810059,1805.810059,1813.550049,1746.199951,1758.699951,63628190000,0.02804947137
2013-12-01 00:00:00+00:00,1848.359985,1848.359985,1849.439941,1767.98999,1806.550049,64958820000,0.02356279198
2014-01-01 00:00:00+00:00,1782.589966,1782.589966,1850.839966,1770.449951,1845.859985,75871910000,-0.03558290596
2014-02-01 00:00:00+00:00,1859.449951,1859.449951,1867.920044,1737.920044,1782.680054,69725590000,0.04311703018
2014-03-01 00:00:00+00:00,1872.339966,1872.339966,1883.969971,1834.439941,1857.680054,71885030000,0.006932165418
2014-04-01 00:00:00+00:00,1883.949951,1883.949951,1897.280029,1814.359985,1873.959961,71595810000,0.006200789153
2014-05-01 00:00:00+00:00,1923.569946,1923.569946,1924.030029,1859.790039,1884.390015,63623630000,0.02103028007
2014-06-01 00:00:00+00:00,1960.22998,1960.22998,1968.170044,1915.97998,1923.869995,63283380000,0.01905833175
2014-07-01 00:00:00+00:00,1930.670044,1930.670044,1991.390015,1930.670044,1962.290039,66524690000,-0.01507983085
2014-08-01 00:00:00+00:00,2003.369995,2003.369995,2005.040039,1904.780029,1929.800049,58131140000,0.03765529558
2014-09-01 00:00:00+00:00,1972.290039,1972.290039,2019.26001,1964.040039,2004.069946,66706000000,-0.01551383725
2014-10-01 00:00:00+00:00,2018.050049,2018.050049,2018.189941,1820.660034,1971.439941,93714040000,0.02320146067
2014-11-01 00:00:00+00:00,2067.560059,2067.560059,2075.76001,2001.01001,2018.209961,63600190000,0.02453358865
2014-12-01 00:00:00+00:00,2058.899902,2058.899902,2093.550049,1972.560059,2065.780029,80743820000,-0.004188587516
2015-01-01 00:00:00+00:00,1994.98999,1994.98999,2072.360107,1988.119995,2058.899902,77330040000,-0.03104080584
2015-02-01 00:00:00+00:00,2104.5,2104.5,2119.590088,1980.900024,1996.670044,68775560000,0.05489251089
2015-03-01 00:00:00+00:00,2067.889893,2067.889893,2117.52002,2039.689941,2105.22998,76675850000,-0.01739610711
2015-04-01 00:00:00+00:00,2085.51001,2085.51001,2125.919922,2048.379883,2067.629883,72060940000,0.008520819823
2015-05-01 00:00:00+00:00,2107.389893,2107.389893,2134.719971,2067.929932,2087.379883,65187730000,0.0104913823
2015-06-01 00:00:00+00:00,2063.110107,2063.110107,2129.870117,2056.320068,2108.639893,73213980000,-0.02101167198
2015-07-01 00:00:00+00:00,2103.840088,2103.840088,2132.820068,2044.02002,2067,77920590000,0.01974202944
2015-08-01 00:00:00+00:00,1972.180054,1972.180054,2112.659912,1867.01001,2104.48999,84626790000,-0.06258081826
2015-09-01 00:00:00+00:00,1920.030029,1920.030029,2020.859985,1871.910034,1970.089966,79989370000,-0.02644283128
2015-10-01 00:00:00+00:00,2079.360107,2079.360107,2094.320068,1893.699951,1919.650024,85844900000,0.08298311781
2015-11-01 00:00:00+00:00,2080.409912,2080.409912,2116.47998,2019.390015,2080.76001,75943590000,0.0005048691103
2015-12-01 00:00:00+00:00,2043.939941,2043.939941,2104.27002,1993.26001,2082.929932,83649260000,-0.01753018503
2016-01-01 00:00:00+00:00,1940.23999,1940.23999,2038.199951,1812.290039,2038.199951,92409770000,-0.05073532205
2016-02-01 00:00:00+00:00,1932.22998,1932.22998,1962.959961,1810.099976,1936.939941,93049560000,-0.004128360309
2016-03-01 00:00:00+00:00,2059.73999,2059.73999,2072.209961,1937.089966,1937.089966,92639420000,0.06599111444
2016-04-01 00:00:00+00:00,2065.300049,2065.300049,2111.050049,2033.800049,2056.620117,81124990000,0.002699398283
2016-05-01 00:00:00+00:00,2096.949951,2096.949951,2103.47998,2025.910034,2067.169922,78883600000,0.01532460253
2016-06-01 00:00:00+00:00,2098.860107,2098.860107,2120.550049,1991.680054,2093.939941,86852700000,0.0009109212401
2016-07-01 00:00:00+00:00,2173.600098,2173.600098,2177.090088,2074.02002,2099.340088,69530250000,0.03560980075
2016-08-01 00:00:00+00:00,2170.949951,2170.949951,2193.810059,2147.580078,2173.149902,75610310000,-0.001219242899
2016-09-01 00:00:00+00:00,2168.27002,2168.27002,2187.870117,2119.120117,2171.330078,77023620000,-0.001234451139
2016-10-01 00:00:00+00:00,2126.149902,2126.149902,2169.600098,2114.719971,2164.330078,72915530000,-0.01942567891
2016-11-01 00:00:00+00:00,2198.810059,2198.810059,2214.100098,2083.790039,2128.679932,88445380000,0.03417452183
2016-12-01 00:00:00+00:00,2238.830078,2238.830078,2277.530029,2187.439941,2200.169922,75344550000,0.01820076244
2017-01-01 00:00:00+00:00,2278.870117,2278.870117,2300.98999,2245.129883,2251.570068,70576420000,0.0178843582
2017-02-01 00:00:00+00:00,2363.639893,2363.639893,2371.540039,2271.649902,2285.590088,69260940000,0.03719816007
2017-03-01 00:00:00+00:00,2362.719971,2362.719971,2400.97998,2322.25,2380.129883,81664010000,-0.0003891971353
2017-04-01 00:00:00+00:00,2384.199951,2384.199951,2398.159912,2328.949951,2362.340088,65369860000,0.009091208749
2017-05-01 00:00:00+00:00,2411.800049,2411.800049,2418.709961,2352.719971,2388.5,79719460000,0.01157625125
2017-06-01 00:00:00+00:00,2423.409912,2423.409912,2453.820068,2405.699951,2415.649902,81078810000,0.004813775208
2017-07-01 00:00:00+00:00,2470.300049,2470.300049,2484.040039,2407.699951,2431.389893,63348090000,0.019348826
2017-08-01 00:00:00+00:00,2471.649902,2471.649902,2490.870117,2417.350098,2477.100098,70784900000,0.0005464330199
2017-09-01 00:00:00+00:00,2519.360107,2519.360107,2519.439941,2446.550049,2474.419922,66624120000,0.01930297856
2017-10-01 00:00:00+00:00,2575.26001,2575.26001,2582.97998,2520.399902,2521.199951,71088550000,0.02218813507
2017-11-01 00:00:00+00:00,2647.580078,2647.580078,2657.73999,2557.449951,2583.209961,73416960000,0.02808262781
2017-12-01 00:00:00+00:00,2673.610107,2673.610107,2694.969971,2605.52002,2645.100098,65531700000,0.009831630594
2018-01-01 00:00:00+00:00,2823.810059,2823.810059,2872.870117,2682.360107,2683.72998,77318690000,0.05617870413
2018-02-01 00:00:00+00:00,2713.830078,2713.830078,2835.959961,2532.689941,2816.449951,79933970000,-0.03894737188
2018-03-01 00:00:00+00:00,2640.870117,2640.870117,2801.899902,2585.889893,2715.219971,76803890000,-0.0268844986
2018-04-01 00:00:00+00:00,2648.050049,2648.050049,2717.48999,2553.800049,2633.449951,70194700000,0.002718774995
2018-05-01 00:00:00+00:00,2705.27002,2705.27002,2742.23999,2594.620117,2642.959961,76011820000,0.02160834185
2018-06-01 00:00:00+00:00,2718.370117,2718.370117,2791.469971,2691.98999,2718.699951,77891360000,0.004842436268
2018-07-01 00:00:00+00:00,2816.290039,2816.290039,2848.030029,2698.949951,2704.949951,64898300000,0.03602155617
2018-08-01 00:00:00+00:00,2901.52002,2901.52002,2916.5,2796.340088,2821.169922,69523070000,0.03026321128
2018-09-01 00:00:00+00:00,2913.97998,2913.97998,2940.909912,2864.120117,2896.959961,63031510000,0.004294287426
2018-10-01 00:00:00+00:00,2711.73999,2711.73999,2939.860107,2603.540039,2926.290039,91930980000,-0.06940335609
2018-11-01 00:00:00+00:00,2760.169922,2760.169922,2815.149902,2631.090088,2717.580078,80620020000,0.01785935665
2018-12-01 00:00:00+00:00,2506.850098,2506.850098,2800.179932,2346.580078,2790.5,84162180000,-0.09177689468
2019-01-01 00:00:00+00:00,2704.100098,2704.100098,2708.949951,2443.959961,2476.959961,80859870000,0.07868440167
2019-02-01 00:00:00+00:00,2784.48999,2784.48999,2813.48999,2681.830078,2702.320068,70638770000,0.02972888934
2019-03-01 00:00:00+00:00,2834.399902,2834.399902,2860.310059,2722.27002,2798.219971,79159660000,0.01792425625
2019-04-01 00:00:00+00:00,2945.830078,2945.830078,2949.52002,2848.629883,2848.629883,70090370000,0.03931349831
2019-05-01 00:00:00+00:00,2752.060059,2752.060059,2954.129883,2750.52002,2952.330078,77250740000,-0.06577773137
2019-06-01 00:00:00+00:00,2941.76001,2941.76001,2964.149902,2728.810059,2751.530029,71250630000,0.068930164
2019-07-01 00:00:00+00:00,2980.379883,2980.379883,3027.97998,2952.219971,2971.409912,70599470000,0.01312815217
2019-08-01 00:00:00+00:00,2926.459961,2926.459961,3013.590088,2822.120117,2980.320068,80269220000,-0.01809162724
2019-09-01 00:00:00+00:00,2976.73999,2976.73999,3021.98999,2891.850098,2909.01001,74178980000,0.01718117793
2019-10-01 00:00:00+00:00,3037.560059,3037.560059,3050.100098,2855.939941,2983.689941,77720640000,0.02043177051
2019-11-01 00:00:00+00:00,3140.97998,3140.97998,3154.26001,3050.719971,3050.719971,72410620000,0.03404703771
2019-12-01 00:00:00+00:00,3230.780029,3230.780029,3247.929932,3070.330078,3143.850098,72325540000,0.02858981891
2020-01-01 00:00:00+00:00,3225.52002,3225.52002,3337.77002,3214.639893,3244.669922,77287980000,-0.001628092819
2020-02-01 00:00:00+00:00,2954.219971,2954.219971,3393.52002,2855.840088,3235.659912,84436590000,-0.08411048364
2020-03-01 00:00:00+00:00,2584.590088,2584.590088,3136.719971,2191.860107,2974.280029,162185380000,-0.1251192824
2020-04-01 00:00:00+00:00,2912.429932,2912.429932,2954.860107,2447.48999,2498.080078,123608160000,0.1268440382
2020-05-01 00:00:00+00:00,3044.310059,3044.310059,3068.669922,2766.639893,2869.090088,107135190000,0.04528181967
2020-06-01 00:00:00+00:00,3100.290039,3100.290039,3233.129883,2965.659912,3038.780029,131458880000,0.01838839651
2020-07-01 00:00:00+00:00,3271.120117,3271.120117,3279.98999,3101.169922,3105.919922,96928130000,0.05510132148
2020-08-01 00:00:00+00:00,3500.310059,3500.310059,3514.77002,3284.530029,3288.26001,82466520000,0.0700646669
2020-09-01 00:00:00+00:00,3363,3363,3588.110107,3209.449951,3507.439941,92310780000,-0.03922797018
2020-10-01 00:00:00+00:00,3269.959961,3269.959961,3549.850098,3233.939941,3385.870117,89938980000,-0.02766578622
2020-11-01 00:00:00+00:00,3621.629883,3621.629883,3645.98999,3279.73999,3296.199951,101247180000,0.1075456354
2020-12-01 00:00:00+00:00,3756.070068,3756.070068,3760.199951,3633.399902,3645.870117,96375680000,0.03712145909
2021-01-01 00:00:00+00:00,3714.23999,3714.23999,3870.899902,3662.709961,3764.610107,106117800000,-0.01113666076
2021-02-01 00:00:00+00:00,3811.149902,3811.149902,3950.429932,3725.620117,3731.169922,99082320000,0.02609145138
2021-03-01 00:00:00+00:00,3972.889893,3972.889893,3994.409912,3723.340088,3842.51001,122371150000,0.04243863253
2021-04-01 00:00:00+00:00,4181.169922,4181.169922,4218.779785,3992.780029,3992.780029,83124090000,0.05242532135
2021-05-01 00:00:00+00:00,4204.109863,4204.109863,4238.040039,4056.879883,4191.97998,88321860000,0.005486488671
2021-06-01 00:00:00+00:00,4297.5,4297.5,4302.430176,4164.399902,4216.52002,102544180000,0.02221400957
2021-07-01 00:00:00+00:00,4395.259766,4395.259766,4429.970215,4233.129883,4300.72998,84255620000,0.02274805483
2021-08-01 00:00:00+00:00,4522.680176,4522.680176,4537.359863,4367.72998,4406.859863,80500760000,0.02899041626
2021-09-01 00:00:00+00:00,4307.540039,4307.540039,4545.850098,4305.910156,4528.799805,85528860000,-0.0475691688
2021-10-01 00:00:00+00:00,4605.379883,4605.379883,4608.080078,4278.939941,4317.160156,80253600000,0.0691438364
2021-11-01 00:00:00+00:00,4567,4567,4743.830078,4560,4610.620117,88268840000,-0.008333706185
2021-12-01 00:00:00+00:00,4766.180176,4766.180176,4808.930176,4495.120117,4602.819824,92750180000,0.04361291346
2022-01-01 00:00:00+00:00,4515.549805,4515.549805,4818.620117,4222.620117,4778.140137,95562890000,-0.05258516503
2022-02-01 00:00:00+00:00,4373.939941,4373.939941,4595.310059,4114.649902,4519.569824,92667710000,-0.03136049195
2022-03-01 00:00:00+00:00,4530.410156,4530.410156,4637.299805,4157.870117,4363.140137,123546260000,0.03577328837
2022-04-01 00:00:00+00:00,4131.930176,4131.930176,4593.450195,4124.279785,4540.319824,90367840000,-0.0879567118
2022-05-01 00:00:00+00:00,4132.149902,4132.149902,4307.660156,3810.320068,4130.609863,108860390000,5.32E-05
2022-06-01 00:00:00+00:00,3785.379883,3785.379883,4177.509766,3636.870117,4149.779785,106116710000,-0.08391999993
2022-07-01 00:00:00+00:00,4130.290039,4130.290039,4140.149902,3721.560059,3781,81688320000,0.09111639173
2022-08-01 00:00:00+00:00,3955,3955,4325.279785,3954.530029,4112.379883,92252350000,-0.04244012827
2022-09-01 00:00:00+00:00,3585.620117,3585.620117,4119.279785,3584.129883,3936.72998,94241020000,-0.09339567201
2022-10-01 00:00:00+00:00,3871.97998,3871.97998,3905.419922,3491.580078,3609.780029,95823760000,0.07986341384
2022-11-01 00:00:00+00:00,4080.110107,4080.110107,4080.110107,3698.149902,3901.790039,92671910000,0.05375289335
2022-12-01 00:00:00+00:00,3839.5,3839.5,4100.959961,3764.48999,4087.139893,85249330000,-0.05897147407
2023-01-01 00:00:00+00:00,4076.600098,4076.600098,4094.209961,3794.330078,3853.290039,80763810000,0.06175285783
2023-02-01 00:00:00+00:00,3970.149902,3970.149902,4195.439941,3943.080078,4070.070068,80392280000,-0.02611249393
2023-03-01 00:00:00+00:00,4109.310059,4109.310059,4110.75,3808.860107,3963.340088,113094800000,0.03505161258
2023-04-01 00:00:00+00:00,4169.47998,4169.47998,4170.060059,4049.350098,4102.200195,70861260000,0.01464234166
2023-05-01 00:00:00+00:00,4179.830078,4179.830078,4231.100098,4048.280029,4166.790039,88929200000,0.002482347368
2023-06-01 00:00:00+00:00,4450.379883,4450.379883,4458.47998,4171.640137,4183.029785,87983140000,0.0647274649
2023-07-01 00:00:00+00:00,4588.959961,4588.959961,4607.069824,4385.049805,4450.47998,75063200000,0.03113893236
2023-08-01 00:00:00+00:00,4507.660156,4507.660156,4584.620117,4335.310059,4578.830078,86840820000,-0.01771639007
2023-09-01 00:00:00+00:00,4288.049805,4288.049805,4541.25,4238.629883,4530.600098,73482980000,-0.04871936747
2023-10-01 00:00:00+00:00,4193.799805,4193.799805,4393.569824,4103.779785,4284.52002,83519460000,-0.02197968874
2023-11-01 00:00:00+00:00,4567.799805,4567.799805,4587.640137,4197.740234,4201.27002,80970570000,0.08917926878
2023-12-01 00:00:00+00:00,4769.830078,4769.830078,4793.299805,4546.5,4559.430176,81530670000,0.04422923116
2024-01-01 00:00:00+00:00,4845.649902,4845.649902,4931.089844,4682.109863,4745.200195,81737880000,0.0158957076
2024-02-01 00:00:00+00:00,5096.27002,5096.27002,5111.060059,4853.52002,4861.109863,82066930000,0.05172064062
2024-03-01 00:00:00+00:00,5254.350098,5254.350098,5264.850098,5056.819824,5098.509766,86299510000,0.03101877992
2024-04-01 00:00:00+00:00,5035.689941,5035.689941,5263.950195,4953.560059,5257.970215,81747170000,-0.04161507174
2024-05-01 00:00:00+00:00,5277.509766,5277.509766,5341.879883,5011.049805,5029.029785,86849720000,0.04802119015
2024-06-01 00:00:00+00:00,5460.47998,5460.47998,5523.640137,5234.319824,5297.149902,76025620000,0.03466980128
2024-07-01 00:00:00+00:00,5522.299805,5522.299805,5669.669922,5390.950195,5471.080078,80160390000,0.01132131689
2024-08-01 00:00:00+00:00,5648.399902,5648.399902,5651.620117,5119.259766,5537.839844,81097300000,0.02283470694
2024-09-01 00:00:00+00:00,5762.47998,5762.47998,5767.370117,5402.620117,5623.890137,79564830000,0.02019688409
2024-10-01 00:00:00+00:00,5705.450195,5705.450195,5878.459961,5674,5757.72998,82412430000,-0.009896743303
2024-11-01 00:00:00+00:00,5728.799805,5728.799805,5772.52002,5723.220215,5723.220215,3796450000,0.004092509544