Price,Adj Close,Close,High,Low,Open,Volume,Monthly_Return
Ticker,^GSPC,^GSPC,^GSPC,^GSPC,^GSPC,^GSPC,
Date,,,,,,,
1985-01-01 00:00:00+00:00,179.6300048828125,179.6300048828125,180.27000427246094,163.36000061035156,167.1999969482422,2673710000,
1985-02-01 00:00:00+00:00,181.17999267578125,181.17999267578125,183.9499969482422,177.75,179.6300048828125,2194620000,0.008628779996860514
1985-03-01 00:00:00+00:00,180.66000366210938,180.66000366210938,183.88999938964844,176.52999877929688,181.17999267578125,2153090000,-0.0028700134379759934
1985-04-01 00:00:00+00:00,179.8300018310547,179.8300018310547,183.61000061035156,177.86000061035156,180.66000366210938,1981880000,-0.004594275513284285
1985-05-01 00:00:00+00:00,189.5500030517578,189.5500030517578,189.97999572753906,178.35000610351562,179.8300018310547,2350340000,0.05405105444993996
1985-06-01 00:00:00+00:00,191.85000610351562,191.85000610351562,191.85000610351562,185.02999877929688,189.5500030517578,2117000000,0.012134017487352766
1985-07-01 00:00:00+00:00,190.9199981689453,190.9199981689453,196.07000732421875,189.3000030517578,191.85000610351562,2463070000,-0.004847578342366599
1985-08-01 00:00:00+00:00,188.6300048828125,188.6300048828125,192.1699981689453,186.10000610351562,190.9199981689453,1923200000,-0.011994517641396585
1985-09-01 00:00:00+00:00,182.0800018310547,182.0800018310547,188.8000030517578,179.4499969482422,188.6300048828125,1860160000,-0.03472407826012114
1985-10-01 00:00:00+00:00,189.82000732421875,189.82000732421875,190.14999389648438,181.16000366210938,182.05999755859375,2543240000,0.04250881708769816
1985-11-01 00:00:00+00:00,202.1699981689453,202.1699981689453,203.39999389648438,189.3699951171875,189.82000732421875,2445370000,0.06506158659888994
1985-12-01 00:00:00+00:00,211.27999877929688,211.27999877929688,213.0800018310547,200.10000610351562,202.1699981689453,2804380000,0.045061090630958534
1986-01-01 00:00:00+00:00,211.77999877929688,211.77999877929688,214.57000732421875,202.60000610351562,211.27999877929688,2879010000,0.0023665278440403448
1986-02-01 00:00:00+00:00,226.9199981689453,226.9199981689453,227.9199981689453,210.82000732421875,211.77999877929688,2899100000,0.07148927885973944
1986-03-01 00:00:00+00:00,238.89999389648438,238.89999389648438,240.11000061035156,222.17999267578125,226.9199981689453,3214600000,0.052793917786918776
1986-04-01 00:00:00+00:00,235.52000427246094,235.52000427246094,245.47000122070312,226.3000030517578,238.89999389648438,3240400000,-0.014148136083619978
1986-05-01 00:00:00+00:00,247.35000610351562,247.35000610351562,249.19000244140625,232.25999450683594,235.52000427246094,2680240000,0.05022928675463656
1986-06-01 00:00:00+00:00,250.83999633789062,250.83999633789062,251.80999755859375,238.22999572753906,246.0399932861328,2649600000,0.014109521521153523
1986-07-01 00:00:00+00:00,236.1199951171875,236.1199951171875,253.1999969482422,233.07000732421875,250.6699981689453,3029900000,-0.05868283142882347
1986-08-01 00:00:00+00:00,252.92999267578125,252.92999267578125,254.24000549316406,231.9199981689453,236.1199951171875,2701900000,0.07119260505765657
1986-09-01 00:00:00+00:00,231.32000732421875,231.32000732421875,254.1300048828125,228.0800018310547,252.92999267578125,3166300000,-0.08543860347658849
1986-10-01 00:00:00+00:00,243.97999572753906,243.97999572753906,244.50999450683594,231.32000732421875,231.32000732421875,3016740000,0.0547293273494327
1986-11-01 00:00:00+00:00,249.22000122070312,249.22000122070312,249.22000122070312,235.50999450683594,243.97000122070312,2940830000,0.02147719315076868
1986-12-01 00:00:00+00:00,242.1699981689453,242.1699981689453,254.8699951171875,241.27999877929688,249.22000122070312,3260870000,-0.028288271475909732
1987-01-01 00:00:00+00:00,274.0799865722656,274.0799865722656,280.9599914550781,242.1699981689453,242.1699981689453,4040880000,0.13176689368870087
1987-02-01 00:00:00+00:00,284.20001220703125,284.20001220703125,287.54998779296875,273.1600036621094,274.0799865722656,3485300000,0.036923621317010324
1987-03-01 00:00:00+00:00,291.70001220703125,291.70001220703125,302.7200012207031,282.29998779296875,284.1700134277344,3965100000,0.02638986515783981
1987-04-01 00:00:00+00:00,288.3599853515625,288.3599853515625,303.6499938964844,275.6700134277344,291.5899963378906,3931700000,-0.011450211572491154
1987-05-01 00:00:00+00:00,290.1000061035156,290.1000061035156,298.69000244140625,277.010009765625,286.989990234375,3417700000,0.006034196283620119
1987-06-01 00:00:00+00:00,304.0,304.0,310.2699890136719,286.92999267578125,290.1199951171875,3595000000,0.04791449018971927
1987-07-01 00:00:00+00:00,318.6600036621094,318.6600036621094,318.8500061035156,302.5299987792969,303.989990234375,3966400000,0.048223696256938675
1987-08-01 00:00:00+00:00,329.79998779296875,329.79998779296875,337.8900146484375,314.510009765625,318.6199951171875,4062400000,0.03495884015199979
1987-09-01 00:00:00+00:00,321.8299865722656,321.8299865722656,332.17999267578125,308.55999755859375,329.80999755859375,3723200000,-0.024166165905701198
1987-10-01 00:00:00+00:00,251.7899932861328,251.7899932861328,328.94000244140625,216.4600067138672,321.8299865722656,6094500000,-0.21763041421998008
1987-11-01 00:00:00+00:00,230.3000030517578,230.3000030517578,257.2099914550781,225.75,251.72999572753906,3589530000,-0.0853488653536516
1987-12-01 00:00:00+00:00,247.0800018310547,247.0800018310547,253.35000610351562,221.24000549316406,230.32000732421875,3926750000,0.07286147875354443
1988-01-01 00:00:00+00:00,257.07000732421875,257.07000732421875,261.7799987792969,240.1699981689453,247.10000610351562,3494700000,0.04043227059709542
1988-02-01 00:00:00+00:00,267.82000732421875,267.82000732421875,267.82000732421875,247.82000732421875,257.04998779296875,3693240000,0.04181740262854561
1988-03-01 00:00:00+00:00,258.8900146484375,258.8900146484375,272.6400146484375,256.07000732421875,267.82000732421875,4052970000,-0.03334326201018556
1988-04-01 00:00:00+00:00,261.3299865722656,261.3299865722656,272.04998779296875,254.7100067138672,258.8900146484375,3260760000,0.009424743272317793
1988-05-01 00:00:00+00:00,262.1600036621094,262.1600036621094,263.70001220703125,248.85000610351562,261.3599853515625,3231370000,0.003176126477985486
1988-06-01 00:00:00+00:00,273.5,273.5,276.8800048828125,262.1000061035156,262.1600036621094,4306710000,0.043256012280601164
1988-07-01 00:00:00+00:00,272.0199890136719,272.0199890136719,276.3599853515625,262.4800109863281,273.5,3338470000,-0.005411374721492224
1988-08-01 00:00:00+00:00,261.5199890136719,261.5199890136719,274.20001220703125,256.5299987792969,272.0299987792969,3327470000,-0.03860010449258666
1988-09-01 00:00:00+00:00,271.9100036621094,271.9100036621094,274.8699951171875,256.9800109863281,261.5199890136719,3059450000,0.03972933268934309
1988-10-01 00:00:00+00:00,278.9700012207031,278.9700012207031,283.95001220703125,268.8399963378906,271.8900146484375,3415160000,0.0259644642106176
1988-11-01 00:00:00+00:00,273.70001220703125,273.70001220703125,280.3699951171875,262.8500061035156,278.9700012207031,2822820000,-0.018890880706211144
1988-12-01 00:00:00+00:00,277.7200012207031,277.7200012207031,280.45001220703125,270.4700012207031,273.67999267578125,2844900000,0.014687573381001906
1989-01-01 00:00:00+00:00,297.4700012207031,297.4700012207031,297.510009765625,273.80999755859375,277.7200012207031,3532220000,0.07111479156412925
1989-02-01 00:00:00+00:00,288.8599853515625,288.8599853515625,300.57000732421875,286.260009765625,297.4700012207031,3216280000,-0.02894414843113058
1989-03-01 00:00:00+00:00,294.8699951171875,294.8699951171875,299.989990234375,286.4599914550781,288.8599853515625,3504530000,0.020805961609083434
1989-04-01 00:00:00+00:00,309.6400146484375,309.6400146484375,310.45001220703125,294.3500061035156,294.8699951171875,3237250000,0.05008993717851862
1989-05-01 00:00:00+00:00,320.5199890136719,320.5199890136719,323.05999755859375,304.05999755859375,309.6400146484375,3747320000,0.035137494672926595
1989-06-01 00:00:00+00:00,317.9800109863281,317.9800109863281,329.19000244140625,314.3800048828125,320.510009765625,3966590000,-0.007924554206930945
1989-07-01 00:00:00+00:00,346.0799865722656,346.0799865722656,346.0799865722656,317.260009765625,317.9800109863281,3249030000,0.08837025792525588
1989-08-01 00:00:00+00:00,351.45001220703125,351.45001220703125,352.7300109863281,339.0,346.0799865722656,3949100000,0.01551671822445666
1989-09-01 00:00:00+00:00,349.1499938964844,349.1499938964844,354.1300048828125,341.3699951171875,351.45001220703125,3035020000,-0.006544368276168888
1989-10-01 00:00:00+00:00,340.3599853515625,340.3599853515625,360.44000244140625,327.1199951171875,349.1499938964844,4012670000,-0.02517545094824758
1989-11-01 00:00:00+00:00,345.989990234375,345.989990234375,346.5,330.9100036621094,340.3599853515625,3032160000,0.016541324259951473
1989-12-01 00:00:00+00:00,353.3999938964844,353.3999938964844,354.1000061035156,339.6300048828125,346.010009765625,3213420000,0.021416815142801804
1990-01-01 00:00:00+00:00,329.0799865722656,329.0799865722656,360.5899963378906,319.8299865722656,353.3999938964844,3793250000,-0.06881722621461728
1990-02-01 00:00:00+00:00,331.8900146484375,331.8900146484375,336.0899963378906,322.1000061035156,329.0799865722656,2961970000,0.008539042758088922
1990-03-01 00:00:00+00:00,339.94000244140625,339.94000244140625,344.489990234375,331.0799865722656,331.8900146484375,3283280000,0.024254986404143253
1990-04-01 00:00:00+00:00,330.79998779296875,330.79998779296875,347.29998779296875,327.760009765625,339.94000244140625,2801220000,-0.02688714062127162
1990-05-01 00:00:00+00:00,361.2300109863281,361.2300109863281,362.260009765625,330.79998779296875,330.79998779296875,3596680000,0.09198919079889456
1990-06-01 00:00:00+00:00,358.0199890136719,358.0199890136719,368.7799987792969,351.2300109863281,361.260009765625,3226280000,-0.008886365681221697
1990-07-01 00:00:00+00:00,356.1499938964844,356.1499938964844,369.7799987792969,350.0899963378906,358.0199890136719,3373540000,-0.005223158411739148
1990-08-01 00:00:00+00:00,322.55999755859375,322.55999755859375,357.3500061035156,306.17999267578125,356.1499938964844,4020730000,-0.09431418479162912
1990-09-01 00:00:00+00:00,306.04998779296875,306.04998779296875,326.5299987792969,295.9800109863281,322.55999755859375,2687280000,-0.051184306456431905
1990-10-01 00:00:00+00:00,304.0,304.0,319.69000244140625,294.510009765625,306.1000061035156,3671900000,-0.006698212301042394
1990-11-01 00:00:00+00:00,322.2200012207031,322.2200012207031,323.0199890136719,301.6099853515625,303.989990234375,3149770000,0.05993421454178649
1990-12-01 00:00:00+00:00,330.2200012207031,330.2200012207031,333.9800109863281,321.9700012207031,322.2300109863281,3116830000,0.024827757338752088
1991-01-01 00:00:00+00:00,343.92999267578125,343.92999267578125,343.92999267578125,309.3500061035156,330.20001220703125,3660240000,0.0415177499981747
1991-02-01 00:00:00+00:00,367.07000732421875,367.07000732421875,370.9599914550781,340.3699951171875,343.9100036621094,4303170000,0.06728117681278034
1991-03-01 00:00:00+00:00,375.2200012207031,375.2200012207031,379.6600036621094,363.7300109863281,367.07000732421875,3927920000,0.022202832522042026
1991-04-01 00:00:00+00:00,375.3399963378906,375.3399963378906,391.260009765625,370.2699890136719,375.2200012207031,4017200000,0.0003197993624997064
1991-05-01 00:00:00+00:00,389.8299865722656,389.8299865722656,389.8500061035156,365.8299865722656,375.3500061035156,3739700000,0.0386049724936075
1991-06-01 00:00:00+00:00,371.1600036621094,371.1600036621094,389.80999755859375,367.9800109863281,389.80999755859375,3258730000,-0.04789262897479862
1991-07-01 00:00:00+00:00,387.80999755859375,387.80999755859375,387.80999755859375,370.9200134277344,371.17999267578125,3481570000,0.04485934295776639
1991-08-01 00:00:00+00:00,395.42999267578125,395.42999267578125,396.82000732421875,374.0899963378906,387.80999755859375,3713820000,0.019648784624321625
1991-09-01 00:00:00+00:00,387.8599853515625,387.8599853515625,397.6199951171875,382.7699890136719,395.42999267578125,3260990000,-0.019143735843086374
1991-10-01 00:00:00+00:00,392.45001220703125,392.45001220703125,393.80999755859375,376.1099853515625,387.8599853515625,4082380000,0.011834236654519215
1991-11-01 00:00:00+00:00,375.2200012207031,375.2200012207031,398.2200012207031,371.6300048828125,392.4599914550781,3737620000,-0.04390370862630699
1991-12-01 00:00:00+00:00,417.0899963378906,417.0899963378906,418.32000732421875,371.3599853515625,375.1099853515625,4155310000,0.11158785507428148
1992-01-01 00:00:00+00:00,408.7799987792969,408.7799987792969,421.17999267578125,408.6400146484375,417.0299987792969,5286280000,-0.019923751783923582
1992-02-01 00:00:00+00:00,412.70001220703125,412.70001220703125,418.0799865722656,406.3399963378906,408.7900085449219,4267610000,0.00958954312696414
1992-03-01 00:00:00+00:00,403.69000244140625,403.69000244140625,413.7799987792969,401.94000244140625,412.67999267578125,4066240000,-0.02183186212532784
1992-04-01 00:00:00+00:00,414.95001220703125,414.95001220703125,416.2799987792969,392.4100036621094,403.6700134277344,4315840000,0.027892713957560433
1992-05-01 00:00:00+00:00,415.3500061035156,415.3500061035156,418.75,409.8500061035156,414.95001220703125,3643980000,0.0009639568254424802
1992-06-01 00:00:00+00:00,408.1400146484375,408.1400146484375,417.29998779296875,399.9200134277344,415.3500061035156,4259830000,-0.017358833150663777
1992-07-01 00:00:00+00:00,424.2099914550781,424.2099914550781,424.79998779296875,407.20001220703125,408.20001220703125,4265220000,0.039373686063305824
1992-08-01 00:00:00+00:00,414.0299987792969,414.0299987792969,425.1400146484375,408.29998779296875,424.19000244140625,3653820000,-0.02399753160189122
1992-09-01 00:00:00+00:00,417.79998779296875,417.79998779296875,425.2699890136719,412.7099914550781,414.0299987792969,4023850000,0.009105593857418715
1992-10-01 00:00:00+00:00,418.67999267578125,418.67999267578125,421.1600036621094,396.79998779296875,417.79998779296875,4507010000,0.002106282691536565
1992-11-01 00:00:00+00:00,431.3500061035156,431.3500061035156,431.92999267578125,415.5799865722656,418.6600036621094,4148770000,0.03026180770368403
1992-12-01 00:00:00+00:00,435.7099914550781,435.7099914550781,442.6499938964844,428.6099853515625,431.3500061035156,4876150000,0.010107766987062838
1993-01-01 00:00:00+00:00,438.7799987792969,438.7799987792969,442.6600036621094,426.8800048828125,435.70001220703125,5280850000,0.007045987892006611
1993-02-01 00:00:00+00:00,443.3800048828125,443.3800048828125,450.0400085449219,428.25,438.7799987792969,5442450000,0.010483627595407663
1993-03-01 00:00:00+00:00,451.6700134277344,451.6700134277344,456.760009765625,441.07000732421875,443.3800048828125,5766950000,0.01869729905188877
1993-04-01 00:00:00+00:00,440.19000244140625,440.19000244140625,452.6300048828125,432.29998779296875,451.6700134277344,5853170000,-0.025416810160156622
1993-05-01 00:00:00+00:00,450.19000244140625,450.19000244140625,454.54998779296875,436.8599853515625,440.19000244140625,5108640000,0.02271746278774489
1993-06-01 00:00:00+00:00,450.5299987792969,450.5299987792969,455.6300048828125,442.5,450.2300109863281,5544400000,0.0007552285391652092
1993-07-01 00:00:00+00:00,448.1300048828125,448.1300048828125,451.1499938964844,441.3999938964844,450.5400085449219,5308530000,-0.00532704570835929
1993-08-01 00:00:00+00:00,463.55999755859375,463.55999755859375,463.55999755859375,446.94000244140625,448.1300048828125,5506200000,0.03443195614588723
1993-09-01 00:00:00+00:00,458.92999267578125,458.92999267578125,463.79998779296875,449.6400146484375,463.54998779296875,5552720000,-0.009987930164805148
1993-10-01 00:00:00+00:00,467.8299865722656,467.8299865722656,471.1000061035156,456.3999938964844,458.92999267578125,5940460000,0.019392922751884534
1993-11-01 00:00:00+00:00,461.7900085449219,461.7900085449219,469.1099853515625,454.3599853515625,467.8299865722656,5876610000,-0.01291062608362914
1993-12-01 00:00:00+00:00,466.45001220703125,466.45001220703125,471.2900085449219,461.45001220703125,461.92999267578125,5791210000,0.010091174724184304
1994-01-01 00:00:00+00:00,481.6099853515625,481.6099853515625,482.8500061035156,464.3599853515625,466.510009765625,6627390000,0.032500745519977725
1994-02-01 00:00:00+00:00,467.1400146484375,467.1400146484375,482.2300109863281,464.260009765625,481.6000061035156,5853100000,-0.030044997286678532
1994-03-01 00:00:00+00:00,445.7699890136719,445.7699890136719,471.0899963378906,436.1600036621094,467.19000244140625,7225010000,-0.04574651060635082
1994-04-01 00:00:00+00:00,450.9100036621094,450.9100036621094,452.7900085449219,435.8599853515625,445.6600036621094,5735010000,0.011530643100964522
1994-05-01 00:00:00+00:00,456.5,456.5,457.7699890136719,440.7799987792969,450.9100036621094,5675970000,0.012397144202814125
1994-06-01 00:00:00+00:00,444.2699890136719,444.2699890136719,463.2300109863281,439.8299865722656,456.5,5852670000,-0.026790823628320082
1994-07-01 00:00:00+00:00,458.260009765625,458.260009765625,459.3299865722656,443.5799865722656,444.2699890136719,4980100000,0.03148990725890011
1994-08-01 00:00:00+00:00,475.489990234375,475.489990234375,477.5899963378906,456.0799865722656,458.2799987792969,6398750000,0.03759869964992624
1994-09-01 00:00:00+00:00,462.7099914550781,462.7099914550781,475.489990234375,458.4700012207031,475.489990234375,6152870000,-0.026877534841474704
1994-10-01 00:00:00+00:00,472.3500061035156,472.3500061035156,474.739990234375,449.2699890136719,462.69000244140625,6344700000,0.020833815622011143
1994-11-01 00:00:00+00:00,453.69000244140625,453.69000244140625,472.260009765625,444.17999267578125,472.260009765625,6251240000,-0.03950461187888721
1994-12-01 00:00:00+00:00,459.2699890136719,459.2699890136719,462.7300109863281,442.8800048828125,453.54998779296875,6351530000,0.012299117331743048
1995-01-01 00:00:00+00:00,470.4200134277344,470.4200134277344,471.3599853515625,457.20001220703125,459.2099914550781,6852060000,0.024277711761677034
1995-02-01 00:00:00+00:00,487.3900146484375,487.3900146484375,489.19000244140625,469.2900085449219,470.4200134277344,6330100000,0.03607414807259257
1995-03-01 00:00:00+00:00,500.7099914550781,500.7099914550781,508.1499938964844,479.70001220703125,487.3900146484375,7792400000,0.027329195113380722
1995-04-01 00:00:00+00:00,514.7100219726562,514.7100219726562,515.2899780273438,500.20001220703125,500.70001220703125,6307030000,0.027960357804911462
1995-05-01 00:00:00+00:00,533.4000244140625,533.4000244140625,533.4099731445312,513.030029296875,514.760009765625,7555690000,0.03631171269946476
1995-06-01 00:00:00+00:00,544.75,544.75,551.0700073242188,526.0,533.4000244140625,7555650000,0.021278543431649366
1995-07-01 00:00:00+00:00,562.0599975585938,562.0599975585938,565.4000244140625,542.510009765625,544.75,7307960000,0.03177603957520647
1995-08-01 00:00:00+00:00,561.8800048828125,561.8800048828125,565.6199951171875,553.0399780273438,562.0599975585938,7146620000,-0.0003202374774278205
1995-09-01 00:00:00+00:00,584.4099731445312,584.4099731445312,587.6099853515625,561.010009765625,561.8800048828125,7052830000,0.04009747288732535
1995-10-01 00:00:00+00:00,581.5,581.5,590.6599731445312,571.5499877929688,584.4099731445312,8043320000,-0.004979335189770229
1995-11-01 00:00:00+00:00,605.3699951171875,605.3699951171875,608.6900024414062,581.0399780273438,581.5,7602150000,0.04104900278106194
1995-12-01 00:00:00+00:00,615.9299926757812,615.9299926757812,622.8800048828125,605.0499877929688,605.3699951171875,7697540000,0.01744387340596476
1996-01-01 00:00:00+00:00,636.02001953125,636.02001953125,636.1799926757812,597.2899780273438,615.9299926757812,9188050000,0.03261738686923121
1996-02-01 00:00:00+00:00,640.4299926757812,640.4299926757812,664.22998046875,633.7100219726562,636.02001953125,8749960000,0.006933701784703983
1996-03-01 00:00:00+00:00,645.5,645.5,656.969970703125,627.6300048828125,640.4299926757812,8984200000,0.007916567590839696
1996-04-01 00:00:00+00:00,654.1699829101562,654.1699829101562,656.6799926757812,624.1400146484375,645.5,8875580000,0.01343142201418468
1996-05-01 00:00:00+00:00,669.1199951171875,669.1199951171875,681.0999755859375,630.0700073242188,654.1699829101562,8921140000,0.022853405991703157
1996-06-01 00:00:00+00:00,670.6300048828125,670.6300048828125,680.3200073242188,658.75,669.1199951171875,7930840000,0.0022567099722681228
1996-07-01 00:00:00+00:00,639.9500122070312,639.9500122070312,675.8800048828125,605.8800048828125,670.6300048828125,8849860000,-0.045748016719207696
1996-08-01 00:00:00+00:00,651.989990234375,651.989990234375,670.6799926757812,639.489990234375,639.9500122070312,7380320000,0.01881393514756069
1996-09-01 00:00:00+00:00,687.3300170898438,687.3300170898438,690.8800048828125,643.969970703125,651.989990234375,8064070000,0.05420332732833044
1996-10-01 00:00:00+00:00,705.27001953125,705.27001953125,714.0999755859375,684.4400024414062,687.3099975585938,9703670000,0.026101002422918018
1996-11-01 00:00:00+00:00,757.02001953125,757.02001953125,762.1199951171875,701.2999877929688,705.27001953125,8763850000,0.07337615178140577
1996-12-01 00:00:00+00:00,740.739990234375,740.739990234375,761.75,716.6900024414062,757.02001953125,9089170000,-0.021505414489508046
1997-01-01 00:00:00+00:00,786.1599731445312,786.1599731445312,794.6699829101562,729.5499877929688,740.739990234375,11635830000,0.061317039054128886
1997-02-01 00:00:00+00:00,790.8200073242188,790.8200073242188,817.6799926757812,773.4299926757812,786.1599731445312,9715930000,0.0059275902346540565
1997-03-01 00:00:00+00:00,757.1199951171875,757.1199951171875,814.9000244140625,756.1300048828125,790.8200073242188,10120760000,-0.04261401064074877
1997-04-01 00:00:00+00:00,801.3400268554688,801.3400268554688,804.1300048828125,733.5399780273438,757.1199951171875,10454880000,0.05840557906734034
1997-05-01 00:00:00+00:00,848.280029296875,848.280029296875,851.8699951171875,793.2100219726562,801.3400268554688,10106650000,0.05857688480332501
1997-06-01 00:00:00+00:00,885.1400146484375,885.1400146484375,902.0900268554688,838.8200073242188,848.280029296875,10857950000,0.043452614795275846
1997-07-01 00:00:00+00:00,954.3099975585938,954.3099975585938,957.72998046875,884.5399780273438,885.1400146484375,11958120000,0.07814580943742477
1997-08-01 00:00:00+00:00,899.469970703125,899.469970703125,964.1699829101562,893.3400268554688,954.2899780273438,10606100000,-0.057465631708528364
1997-09-01 00:00:00+00:00,947.280029296875,947.280029296875,960.5900268554688,899.469970703125,899.469970703125,11383000000,0.053153590615567126
1997-10-01 00:00:00+00:00,914.6199951171875,914.6199951171875,983.1199951171875,855.27001953125,947.280029296875,14017260000,-0.03447769737522033
1997-11-01 00:00:00+00:00,955.4000244140625,955.4000244140625,964.5499877929688,900.6099853515625,914.6199951171875,10173620000,0.04458685521263939
1997-12-01 00:00:00+00:00,970.4299926757812,970.4299926757812,986.25,924.9199829101562,955.4000244140625,11958880000,0.01573159710869443
1998-01-01 00:00:00+00:00,980.280029296875,980.280029296875,992.6500244140625,912.8300170898438,970.4299926757812,12733830000,0.010150177442407982
1998-02-01 00:00:00+00:00,1049.3399658203125,1049.3399658203125,1051.6600341796875,980.280029296875,980.280029296875,11656550000,0.07044919253631243
1998-03-01 00:00:00+00:00,1101.75,1101.75,1113.0699462890625,1030.8699951171875,1049.3399658203125,13719590000,0.049945714341220526
1998-04-01 00:00:00+00:00,1111.75,1111.75,1132.97998046875,1076.699951171875,1101.75,13656060000,0.009076469253460395
1998-05-01 00:00:00+00:00,1090.8199462890625,1090.8199462890625,1130.52001953125,1074.3900146484375,1111.75,11477140000,-0.018826223261468433
1998-06-01 00:00:00+00:00,1133.8399658203125,1133.8399658203125,1145.1500244140625,1074.6700439453125,1090.8199462890625,13551970000,0.03943824063504042
1998-07-01 00:00:00+00:00,1120.6700439453125,1120.6700439453125,1190.5799560546875,1114.300048828125,1133.8399658203125,14194800000,-0.011615326917385427
1998-08-01 00:00:00+00:00,957.280029296875,957.280029296875,1121.7900390625,957.280029296875,1120.6700439453125,15071550000,-0.14579671825011387
1998-09-01 00:00:00+00:00,1017.010009765625,1017.010009765625,1066.1099853515625,939.97998046875,957.280029296875,16714080000,0.06239551504341101
1998-10-01 00:00:00+00:00,1098.6700439453125,1098.6700439453125,1103.780029296875,923.3200073242188,1017.010009765625,18001650000,0.08029422856762891
1998-11-01 00:00:00+00:00,1163.6300048828125,1163.6300048828125,1192.969970703125,1098.6700439453125,1098.6700439453125,13451280000,0.05912599628568138
1998-12-01 00:00:00+00:00,1229.22998046875,1229.22998046875,1244.9300537109375,1136.8900146484375,1163.6300048828125,15181450000,0.056375287084956094
1999-01-01 00:00:00+00:00,1279.6400146484375,1279.6400146484375,1280.3699951171875,1205.4599609375,1229.22998046875,16213500000,0.04100944085374847
1999-02-01 00:00:00+00:00,1238.3299560546875,1238.3299560546875,1283.8399658203125,1211.8900146484375,1279.6400146484375,14555860000,-0.032282562377591306
1999-03-01 00:00:00+00:00,1286.3699951171875,1286.3699951171875,1323.8199462890625,1216.030029296875,1238.3299560546875,18002500000,0.0387942154089167
1999-04-01 00:00:00+00:00,1335.1800537109375,1335.1800537109375,1371.56005859375,1282.56005859375,1286.3699951171875,18523200000,0.03794402759627746
1999-05-01 00:00:00+00:00,1301.8399658203125,1301.8399658203125,1375.97998046875,1277.31005859375,1335.1800537109375,15880260000,-0.024970480796175143
1999-06-01 00:00:00+00:00,1372.7099609375,1372.7099609375,1372.9300537109375,1277.469970703125,1301.8399658203125,16079170000,0.054438331114324834
1999-07-01 00:00:00+00:00,1328.719970703125,1328.719970703125,1420.3299560546875,1328.489990234375,1372.7099609375,15332930000,-0.032046092391091685
1999-08-01 00:00:00+00:00,1320.4100341796875,1320.4100341796875,1382.8399658203125,1267.72998046875,1328.719970703125,15818550000,-0.006254091687235008
1999-09-01 00:00:00+00:00,1282.7099609375,1282.7099609375,1361.3900146484375,1256.260009765625,1320.4100341796875,16438700000,-0.028551792448024638
1999-10-01 00:00:00+00:00,1362.9300537109375,1362.9300537109375,1373.1700439453125,1233.699951171875,1282.7099609375,18832000000,0.0625395414523846
1999-11-01 00:00:00+00:00,1388.9100341796875,1388.9100341796875,1425.31005859375,1346.4100341796875,1362.9300537109375,18384820000,0.019061858969220413
1999-12-01 00:00:00+00:00,1469.25,1469.25,1473.0999755859375,1387.3800048828125,1388.9100341796875,19640690000,0.05784389473992291
2000-01-01 00:00:00+00:00,1394.4599609375,1394.4599609375,1478.0,1350.1400146484375,1469.25,21494400000,-0.05090354879190062
2000-02-01 00:00:00+00:00,1366.4200439453125,1366.4200439453125,1444.550048828125,1325.0699462890625,1394.4599609375,20912000000,-0.020108083256356934
2000-03-01 00:00:00+00:00,1498.5799560546875,1498.5799560546875,1552.8699951171875,1346.6199951171875,1366.4200439453125,26156200000,0.09671982835364812
2000-04-01 00:00:00+00:00,1452.4300537109375,1452.4300537109375,1527.18994140625,1339.4000244140625,1498.5799560546875,20106460000,-0.030795755780191336
2000-05-01 00:00:00+00:00,1420.5999755859375,1420.5999755859375,1481.510009765625,1361.0899658203125,1452.4300537109375,19898300000,-0.021915050603417807
2000-06-01 00:00:00+00:00,1454.5999755859375,1454.5999755859375,1488.9300537109375,1420.5999755859375,1420.5999755859375,21738300000,0.023933549615877237
2000-07-01 00:00:00+00:00,1430.8299560546875,1430.8299560546875,1517.3199462890625,1413.8900146484375,1454.5999755859375,19089100000,-0.016341275904170893
2000-08-01 00:00:00+00:00,1517.6800537109375,1517.6800537109375,1525.2099609375,1425.4300537109375,1430.8299560546875,20363700000,0.06069910494167097
2000-09-01 00:00:00+00:00,1436.510009765625,1436.510009765625,1530.0899658203125,1419.43994140625,1517.6800537109375,20838300000,-0.053482974719764265
2000-10-01 00:00:00+00:00,1429.4000244140625,1429.4000244140625,1454.8199462890625,1305.7900390625,1436.52001953125,25951400000,-0.00494948542177065
2000-11-01 00:00:00+00:00,1314.949951171875,1314.949951171875,1438.4599609375,1294.9000244140625,1429.4000244140625,20532300000,-0.08006861010730892
2000-12-01 00:00:00+00:00,1320.280029296875,1320.280029296875,1389.050048828125,1254.0699462890625,1314.949951171875,23610800000,0.004053445623728669
2001-01-01 00:00:00+00:00,1366.010009765625,1366.010009765625,1383.3699951171875,1274.6199951171875,1320.280029296875,27829800000,0.03463657667616449
2001-02-01 00:00:00+00:00,1239.93994140625,1239.93994140625,1376.3800048828125,1215.43994140625,1366.010009765625,21644400000,-0.09229073539585964
2001-03-01 00:00:00+00:00,1160.3299560546875,1160.3299560546875,1267.4200439453125,1081.18994140625,1239.93994140625,27806610000,-0.06420471080339152
2001-04-01 00:00:00+00:00,1249.4599609375,1249.4599609375,1269.300048828125,1091.989990234375,1160.3299560546875,25409990000,0.07681436165439459
2001-05-01 00:00:00+00:00,1255.8199462890625,1255.8199462890625,1315.9300537109375,1232.0,1249.4599609375,24525900000,0.005090187401275648
2001-06-01 00:00:00+00:00,1224.3800048828125,1224.3800048828125,1286.6199951171875,1203.030029296875,1255.8199462890625,24748030000,-0.02503538942756467
2001-07-01 00:00:00+00:00,1211.22998046875,1211.22998046875,1239.780029296875,1165.5400390625,1224.4200439453125,23793710000,-0.010740149595403703
2001-08-01 00:00:00+00:00,1133.5799560546875,1133.5799560546875,1226.27001953125,1124.8699951171875,1211.22998046875,23359200000,-0.06410840688075747
2001-09-01 00:00:00+00:00,1040.93994140625,1040.93994140625,1155.4000244140625,944.75,1133.5799560546875,25025290000,-0.08172340570563885
2001-10-01 00:00:00+00:00,1059.780029296875,1059.780029296875,1110.6099853515625,1026.760009765625,1040.93994140625,29951280000,0.018099111333141016
2001-11-01 00:00:00+00:00,1139.449951171875,1139.449951171875,1163.3800048828125,1054.31005859375,1059.780029296875,26330000000,0.0751759041240454
2001-12-01 00:00:00+00:00,1148.0799560546875,1148.0799560546875,1173.6199951171875,1114.530029296875,1139.449951171875,25128570000,0.0075738340889277556
2002-01-01 00:00:00+00:00,1130.199951171875,1130.199951171875,1176.969970703125,1081.6600341796875,1148.0799560546875,29746200000,-0.015573832456979853
2002-02-01 00:00:00+00:00,1106.72998046875,1106.72998046875,1130.199951171875,1074.3599853515625,1130.199951171875,26047600000,-0.020766211039727644
2002-03-01 00:00:00+00:00,1147.3900146484375,1147.3900146484375,1173.93994140625,1106.72998046875,1106.72998046875,26563200000,0.03673889286207466
2002-04-01 00:00:00+00:00,1076.9200439453125,1076.9200439453125,1147.8399658203125,1063.4599609375,1147.3900146484375,28568900000,-0.061417625919219065
2002-05-01 00:00:00+00:00,1067.1400146484375,1067.1400146484375,1106.5899658203125,1048.9599609375,1076.9200439453125,26905500000,-0.009081481352177012
2002-06-01 00:00:00+00:00,989.8200073242188,989.8200073242188,1070.739990234375,952.9199829101562,1067.1400146484375,29981510000,-0.0724553538081798
2002-07-01 00:00:00+00:00,911.6199951171875,911.6199951171875,994.4600219726562,775.6799926757812,989.8200073242188,42228720000,-0.07900427514940767
2002-08-01 00:00:00+00:00,916.0700073242188,916.0700073242188,965.0,833.4400024414062,911.6199951171875,29298400000,0.004881433306494376
2002-09-01 00:00:00+00:00,815.280029296875,815.280029296875,924.02001953125,800.2000122070312,916.0700073242188,27723710000,-0.11002431825242787
2002-10-01 00:00:00+00:00,885.760009765625,885.760009765625,907.4400024414062,768.6300048828125,815.280029296875,37856310000,0.08644880033371405
2002-11-01 00:00:00+00:00,936.3099975585938,936.3099975585938,941.8200073242188,872.0499877929688,885.760009765625,29200960000,0.05706962070498589
2002-12-01 00:00:00+00:00,879.8200073242188,879.8200073242188,954.280029296875,869.4500122070312,936.3099975585938,25993640000,-0.06033257188502883
2003-01-01 00:00:00+00:00,855.7000122070312,855.7000122070312,935.0499877929688,840.3400268554688,879.8200073242188,30749580000,-0.02741469268304464
2003-02-01 00:00:00+00:00,841.1500244140625,841.1500244140625,864.6400146484375,806.2899780273438,855.7000122070312,25235300000,-0.01700360825687175
2003-03-01 00:00:00+00:00,848.1799926757812,848.1799926757812,895.9000244140625,788.9000244140625,841.1500244140625,30080030000,0.008357567684332823
2003-04-01 00:00:00+00:00,916.9199829101562,916.9199829101562,924.239990234375,847.8499755859375,848.1799926757812,29669610000,0.0810441071800323
2003-05-01 00:00:00+00:00,963.5900268554688,963.5900268554688,965.3800048828125,902.8300170898438,916.9199829101562,30952100000,0.050898709609522585
2003-06-01 00:00:00+00:00,974.5,974.5,1015.3300170898438,963.5900268554688,963.5900268554688,31219400000,0.011322214676852127
2003-07-01 00:00:00+00:00,990.3099975585938,990.3099975585938,1015.4099731445312,962.0999755859375,974.5,31553200000,0.016223701958536507
2003-08-01 00:00:00+00:00,1008.010009765625,1008.010009765625,1011.010009765625,960.8400268554688,990.3099975585938,24881470000,0.017873203593487874
2003-09-01 00:00:00+00:00,995.969970703125,995.969970703125,1040.2900390625,990.3599853515625,1008.010009765625,29940110000,-0.011944364585525724
2003-10-01 00:00:00+00:00,1050.7099609375,1050.7099609375,1053.7900390625,995.969970703125,995.969970703125,32298500000,0.05496148663571665
2003-11-01 00:00:00+00:00,1058.199951171875,1058.199951171875,1063.6500244140625,1031.199951171875,1050.7099609375,24463220000,0.0071285040713728876
2003-12-01 00:00:00+00:00,1111.9200439453125,1111.9200439453125,1112.56005859375,1053.4100341796875,1058.199951171875,27839130000,0.05076554077889206
2004-01-01 00:00:00+00:00,1131.1300048828125,1131.1300048828125,1155.3800048828125,1105.0799560546875,1111.9200439453125,32820000000,0.017276386950755285
2004-02-01 00:00:00+00:00,1144.93994140625,1144.93994140625,1158.97998046875,1124.43994140625,1131.1300048828125,27985600000,0.01220897373761054
2004-03-01 00:00:00+00:00,1126.2099609375,1126.2099609375,1163.22998046875,1087.1600341796875,1144.93994140625,33597900000,-0.01635891961786684
2004-04-01 00:00:00+00:00,1107.300048828125,1107.300048828125,1150.5699462890625,1107.22998046875,1126.2099609375,31611900000,-0.016790751960348183
2004-05-01 00:00:00+00:00,1120.6800537109375,1120.6800537109375,1127.739990234375,1076.3199462890625,1107.300048828125,29326400000,0.01208345009735412
2004-06-01 00:00:00+00:00,1140.8399658203125,1140.8399658203125,1146.3399658203125,1113.3199462890625,1120.6800537109375,27529500000,0.017988998771432563
2004-07-01 00:00:00+00:00,1101.719970703125,1101.719970703125,1140.8399658203125,1078.780029296875,1140.8399658203125,29285600000,-0.034290519520026264
2004-08-01 00:00:00+00:00,1104.239990234375,1104.239990234375,1109.6800537109375,1060.719970703125,1101.719970703125,26586800000,0.0022873503233691306
2004-09-01 00:00:00+00:00,1114.5799560546875,1114.5799560546875,1131.5400390625,1099.1800537109375,1104.239990234375,26829870000,0.009363875526838816
2004-10-01 00:00:00+00:00,1130.199951171875,1130.199951171875,1142.050048828125,1090.2900390625,1114.5799560546875,31511000000,0.014014243690939843
2004-11-01 00:00:00+00:00,1173.8199462890625,1173.8199462890625,1188.4599609375,1127.5999755859375,1130.199951171875,30460280000,0.03859493629597055
2004-12-01 00:00:00+00:00,1211.9200439453125,1211.9200439453125,1217.3299560546875,1173.780029296875,1173.780029296875,31102500000,0.03245821284320516
2005-01-01 00:00:00+00:00,1181.27001953125,1181.27001953125,1217.800048828125,1163.75,1211.9200439453125,31498800000,-0.025290467442294018
2005-02-01 00:00:00+00:00,1203.5999755859375,1203.5999755859375,1212.43994140625,1180.949951171875,1181.27001953125,29297410000,0.018903346132113308
2005-03-01 00:00:00+00:00,1180.5899658203125,1180.5899658203125,1229.1099853515625,1163.68994140625,1203.5999755859375,39014150000,-0.01911765556028966
2005-04-01 00:00:00+00:00,1156.8499755859375,1156.8499755859375,1191.8800048828125,1136.1500244140625,1180.5899658203125,43424270000,-0.020108582083263493
2005-05-01 00:00:00+00:00,1191.5,1191.5,1199.56005859375,1146.1800537109375,1156.8499755859375,39321990000,0.02995204663120865
2005-06-01 00:00:00+00:00,1191.3299560546875,1191.3299560546875,1219.5899658203125,1188.300048828125,1191.5,40334040000,-0.00014271417986777557
2005-07-01 00:00:00+00:00,1234.1800537109375,1234.1800537109375,1245.1500244140625,1183.550048828125,1191.3299560546875,37464670000,0.03596828690361842
2005-08-01 00:00:00+00:00,1220.3299560546875,1220.3299560546875,1245.8599853515625,1201.0699462890625,1234.1800537109375,42030090000,-0.011222104598600069
2005-09-01 00:00:00+00:00,1228.81005859375,1228.81005859375,1243.1300048828125,1205.3499755859375,1220.3299560546875,44777510000,0.00694902431673361
2005-10-01 00:00:00+00:00,1207.010009765625,1207.010009765625,1233.3399658203125,1168.199951171875,1228.81005859375,49793790000,-0.01774077993231349
2005-11-01 00:00:00+00:00,1249.47998046875,1249.47998046875,1270.6400146484375,1201.0699462890625,1207.010009765625,45102870000,0.035186096519093324
2005-12-01 00:00:00+00:00,1248.2900390625,1248.2900390625,1275.800048828125,1246.5899658203125,1249.47998046875,41756130000,-0.0009523493171964548
2006-01-01 00:00:00+00:00,1280.0799560546875,1280.0799560546875,1294.9000244140625,1245.739990234375,1248.2900390625,49211650000,0.025466771341108085
2006-02-01 00:00:00+00:00,1280.6600341796875,1280.6600341796875,1297.5699462890625,1253.6099853515625,1280.0799560546875,42859940000,0.0004531577283561905
2006-03-01 00:00:00+00:00,1294.8699951171875,1294.8699951171875,1310.8800048828125,1268.4200439453125,1280.6600341796875,50905040000,0.011095810408889628
2006-04-01 00:00:00+00:00,1310.6099853515625,1310.6099853515625,1318.1600341796875,1280.739990234375,1302.8800048828125,43308430000,0.01215565291784415
2006-05-01 00:00:00+00:00,1270.0899658203125,1270.0899658203125,1326.699951171875,1245.3399658203125,1310.6099853515625,54312830000,-0.030916916538203165
2006-06-01 00:00:00+00:00,1270.199951171875,1270.199951171875,1290.6800537109375,1219.2900390625,1270.050048828125,54873260000,8.659650459597046e-05
2006-07-01 00:00:00+00:00,1276.6600341796875,1276.6600341796875,1280.4200439453125,1224.5400390625,1270.06005859375,46348220000,0.0050858788034533475
2006-08-01 00:00:00+00:00,1303.8199462890625,1303.8199462890625,1306.739990234375,1261.300048828125,1278.530029296875,50485620000,0.02127419311502643
2006-09-01 00:00:00+00:00,1335.8499755859375,1335.8499755859375,1340.280029296875,1290.9300537109375,1303.800048828125,49001440000,0.024566297967782313
2006-10-01 00:00:00+00:00,1377.93994140625,1377.93994140625,1389.449951171875,1327.0999755859375,1335.8199462890625,56793620000,0.03150800358539563
2006-11-01 00:00:00+00:00,1400.6300048828125,1400.6300048828125,1407.8900146484375,1360.97998046875,1377.760009765625,55343930000,0.016466656343095964
2006-12-01 00:00:00+00:00,1418.300048828125,1418.300048828125,1431.81005859375,1385.9300537109375,1400.6300048828125,47578780000,0.012615782814670462
2007-01-01 00:00:00+00:00,1438.239990234375,1438.239990234375,1441.6099853515625,1403.969970703125,1418.030029296875,56686200000,0.014059043023177953
2007-02-01 00:00:00+00:00,1406.8199462890625,1406.8199462890625,1461.5699462890625,1389.4200439453125,1437.9000244140625,51844990000,-0.021846175991944383
2007-03-01 00:00:00+00:00,1420.8599853515625,1420.8599853515625,1438.8900146484375,1363.97998046875,1406.800048828125,67622250000,0.009979982939206433
2007-04-01 00:00:00+00:00,1482.3699951171875,1482.3699951171875,1498.02001953125,1416.3699951171875,1420.8299560546875,57032470000,0.043290690426759815
2007-05-01 00:00:00+00:00,1530.6199951171875,1530.6199951171875,1535.56005859375,1476.699951171875,1482.3699951171875,64958050000,0.032549228707361655
2007-06-01 00:00:00+00:00,1503.3499755859375,1503.3499755859375,1540.56005859375,1484.1800537109375,1530.6199951171875,65322800000,-0.01781632254788501
2007-07-01 00:00:00+00:00,1455.27001953125,1455.27001953125,1555.9000244140625,1454.25,1504.6600341796875,70337430000,-0.03198187836198829
2007-08-01 00:00:00+00:00,1473.989990234375,1473.989990234375,1503.8900146484375,1370.5999755859375,1455.1800537109375,91381760000,0.012863572018857905
2007-09-01 00:00:00+00:00,1526.75,1526.75,1538.739990234375,1439.2900390625,1473.9599609375,57809700000,0.03579400817860079
2007-10-01 00:00:00+00:00,1549.3800048828125,1549.3800048828125,1576.0899658203125,1489.56005859375,1527.2900390625,76022580000,0.014822338223554832
2007-11-01 00:00:00+00:00,1481.1400146484375,1481.1400146484375,1545.7900390625,1406.0999755859375,1545.7900390625,86246950000,-0.04404341737941575
2007-12-01 00:00:00+00:00,1468.3599853515625,1468.3599853515625,1523.5699462890625,1435.6500244140625,1479.6300048828125,64821670000,-0.008628508561297932
2008-01-01 00:00:00+00:00,1378.550048828125,1378.550048828125,1471.77001953125,1270.050048828125,1467.969970703125,98475340000,-0.06116343227776988
2008-02-01 00:00:00+00:00,1330.6300048828125,1330.6300048828125,1396.02001953125,1316.75,1378.5999755859375,78536130000,-0.03476119273728817
2008-03-01 00:00:00+00:00,1322.699951171875,1322.699951171875,1359.6800537109375,1256.97998046875,1330.449951171875,93189170000,-0.005959623397817415
2008-04-01 00:00:00+00:00,1385.5899658203125,1385.5899658203125,1404.5699462890625,1324.3499755859375,1326.4100341796875,85978630000,0.047546697641229096
2008-05-01 00:00:00+00:00,1400.3800048828125,1400.3800048828125,1440.239990234375,1373.0699462890625,1385.969970703125,80990480000,0.01067418170406853
2008-06-01 00:00:00+00:00,1280.0,1280.0,1404.050048828125,1272.0,1399.6199951171875,96614040000,-0.08596238482631446
2008-07-01 00:00:00+00:00,1267.3800048828125,1267.3800048828125,1292.1700439453125,1200.43994140625,1276.68994140625,124980570000,-0.009859371185302779
2008-08-01 00:00:00+00:00,1282.8299560546875,1282.8299560546875,1313.1500244140625,1247.449951171875,1269.4200439453125,86266010000,0.012190464669121548
2008-09-01 00:00:00+00:00,1166.3599853515625,1166.3599853515625,1303.0400390625,1106.4200439453125,1287.8299560546875,140007320000,-0.09079143354379215
2008-10-01 00:00:00+00:00,968.75,968.75,1167.030029296875,839.7999877929688,1164.1700439453125,159823030000,-0.16942452401777075
2008-11-01 00:00:00+00:00,896.239990234375,896.239990234375,1007.510009765625,741.02001953125,968.6699829101562,115660210000,-0.0748490423387097
2008-12-01 00:00:00+00:00,903.25,903.25,918.8499755859375,815.6900024414062,888.6099853515625,112884470000,0.007821576633499472
2009-01-01 00:00:00+00:00,825.8800048828125,825.8800048828125,943.8499755859375,804.2999877929688,902.989990234375,112090640000,-0.08565734305805428
2009-02-01 00:00:00+00:00,735.0900268554688,735.0900268554688,875.010009765625,734.52001953125,823.0900268554688,124492210000,-0.10993119762019943
2009-03-01 00:00:00+00:00,797.8699951171875,797.8699951171875,832.97998046875,666.7899780273438,729.5700073242188,161843640000,0.08540446199532292
2009-04-01 00:00:00+00:00,872.8099975585938,872.8099975585938,888.7000122070312,783.3200073242188,793.5900268554688,138855320000,0.09392507914826331
2009-05-01 00:00:00+00:00,919.1400146484375,919.1400146484375,930.1699829101562,866.0999755859375,872.739990234375,131614940000,0.05308144638516654
2009-06-01 00:00:00+00:00,919.3200073242188,919.3200073242188,956.22998046875,888.8599853515625,923.260009765625,112653150000,0.00019582726560996022
2009-07-01 00:00:00+00:00,987.47998046875,987.47998046875,996.6799926757812,869.3200073242188,920.8200073242188,106635790000,0.07414172714778422
2009-08-01 00:00:00+00:00,1020.6199951171875,1020.6199951171875,1039.469970703125,978.510009765625,990.219970703125,116059270000,0.03356018886854417
2009-09-01 00:00:00+00:00,1057.0799560546875,1057.0799560546875,1080.1500244140625,991.969970703125,1019.52001953125,112295490000,0.03572334572311964
2009-10-01 00:00:00+00:00,1036.18994140625,1036.18994140625,1101.3599853515625,1019.9500122070312,1054.9100341796875,113410990000,-0.019762000526814205
2009-11-01 00:00:00+00:00,1095.6300048828125,1095.6300048828125,1113.68994140625,1029.3800048828125,1036.1800537109375,84981530000,0.05736406145372763
2009-12-01 00:00:00+00:00,1115.0999755859375,1115.0999755859375,1130.3800048828125,1085.8900146484375,1098.8900146484375,89515330000,0.017770570919338313
2010-01-01 00:00:00+00:00,1073.8699951171875,1073.8699951171875,1150.449951171875,1071.5899658203125,1116.56005859375,90947580000,-0.03697424569226215
2010-02-01 00:00:00+00:00,1104.489990234375,1104.489990234375,1112.4200439453125,1044.5,1073.8900146484375,84561340000,0.028513689046546054
2010-03-01 00:00:00+00:00,1169.4300537109375,1169.4300537109375,1180.68994140625,1105.3599853515625,1105.3599853515625,103683550000,0.058796425545497355
2010-04-01 00:00:00+00:00,1186.68994140625,1186.68994140625,1219.800048828125,1170.68994140625,1171.22998046875,116741910000,0.014759230482012997
2010-05-01 00:00:00+00:00,1089.4100341796875,1089.4100341796875,1205.1300048828125,1040.780029296875,1188.5799560546875,127662780000,-0.08197584207319053
2010-06-01 00:00:00+00:00,1030.7099609375,1030.7099609375,1131.22998046875,1028.3299560546875,1087.300048828125,110106750000,-0.05388244223983851
2010-07-01 00:00:00+00:00,1101.5999755859375,1101.5999755859375,1120.949951171875,1010.9099731445312,1031.0999755859375,94778110000,0.06877784957463517
2010-08-01 00:00:00+00:00,1049.3299560546875,1049.3299560546875,1129.239990234375,1039.699951171875,1107.530029296875,85738250000,-0.04744918363260475
2010-09-01 00:00:00+00:00,1141.199951171875,1141.199951171875,1157.1600341796875,1049.719970703125,1049.719970703125,79589450000,0.08755110305113556
2010-10-01 00:00:00+00:00,1183.260009765625,1183.260009765625,1196.1400146484375,1131.8699951171875,1143.489990234375,89536270000,0.03685599403554063
2010-11-01 00:00:00+00:00,1180.550048828125,1180.550048828125,1227.0799560546875,1173.0,1185.7099609375,87151070000,-0.002290249746576656
2010-12-01 00:00:00+00:00,1257.6400146484375,1257.6400146484375,1262.5999755859375,1186.5999755859375,1186.5999755859375,80984530000,0.06530004034715509
2011-01-01 00:00:00+00:00,1286.1199951171875,1286.1199951171875,1302.6700439453125,1257.6199951171875,1257.6199951171875,92164940000,0.022645574359139164
2011-02-01 00:00:00+00:00,1327.219970703125,1327.219970703125,1344.0699462890625,1289.1400146484375,1289.1400146484375,59223660000,0.03195656372809341
2011-03-01 00:00:00+00:00,1325.8299560546875,1325.8299560546875,1332.280029296875,1249.050048828125,1328.6400146484375,89507640000,-0.0010473129391664893
2011-04-01 00:00:00+00:00,1363.6099853515625,1363.6099853515625,1364.56005859375,1294.699951171875,1329.47998046875,77364810000,0.028495380666536008
2011-05-01 00:00:00+00:00,1345.199951171875,1345.199951171875,1370.5799560546875,1311.800048828125,1365.2099609375,81708980000,-0.01350095289522324
2011-06-01 00:00:00+00:00,1320.6400146484375,1320.6400146484375,1345.199951171875,1258.0699462890625,1345.199951171875,86122730000,-0.018257461652479323
2011-07-01 00:00:00+00:00,1292.280029296875,1292.280029296875,1356.47998046875,1282.8599853515625,1320.6400146484375,81102170000,-0.02147442530666621
2011-08-01 00:00:00+00:00,1218.8900146484375,1218.8900146484375,1307.3800048828125,1101.5400390625,1292.5899658203125,108419170000,-0.05679110795232889
2011-09-01 00:00:00+00:00,1131.4200439453125,1131.4200439453125,1229.2900390625,1114.219970703125,1219.1199951171875,102786820000,-0.07176198808089651
2011-10-01 00:00:00+00:00,1253.300048828125,1253.300048828125,1292.6600341796875,1074.77001953125,1131.2099609375,98063670000,0.10772303843744147
2011-11-01 00:00:00+00:00,1246.9599609375,1246.9599609375,1277.550048828125,1158.6600341796875,1251.0,84275050000,-0.005058715107011391
2011-12-01 00:00:00+00:00,1257.5999755859375,1257.5999755859375,1269.3699951171875,1202.3699951171875,1246.9100341796875,74742430000,0.008532763666636134
2012-01-01 00:00:00+00:00,1312.4100341796875,1312.4100341796875,1333.469970703125,1258.8599853515625,1258.8599853515625,79567560000,0.043583062704985354
2012-02-01 00:00:00+00:00,1365.6800537109375,1365.6800537109375,1378.0400390625,1312.449951171875,1312.449951171875,78385710000,0.04058946376811723
2012-03-01 00:00:00+00:00,1408.469970703125,1408.469970703125,1419.1500244140625,1340.030029296875,1365.9000244140625,83899660000,0.03133231453144192
2012-04-01 00:00:00+00:00,1397.9100341796875,1397.9100341796875,1422.3800048828125,1357.3800048828125,1408.469970703125,74761710000,-0.007497452372495994
2012-05-01 00:00:00+00:00,1310.3299560546875,1310.3299560546875,1415.3199462890625,1291.97998046875,1397.8599853515625,86920490000,-0.06265072571454366
2012-06-01 00:00:00+00:00,1362.1600341796875,1362.1600341796875,1363.4599609375,1266.739990234375,1309.8699951171875,81582440000,0.03955498222833631
2012-07-01 00:00:00+00:00,1379.3199462890625,1379.3199462890625,1391.739990234375,1325.4100341796875,1362.3299560546875,73103810000,0.012597574204787909
2012-08-01 00:00:00+00:00,1406.5799560546875,1406.5799560546875,1426.6800537109375,1354.6500244140625,1379.3199462890625,70283810000,0.019763369506085704
2012-09-01 00:00:00+00:00,1440.6700439453125,1440.6700439453125,1474.510009765625,1396.56005859375,1406.5400390625,69784280000,0.024236153617775313
2012-10-01 00:00:00+00:00,1412.1600341796875,1412.1600341796875,1470.9599609375,1403.280029296875,1440.9000244140625,71752320000,-0.01978940971629395
2012-11-01 00:00:00+00:00,1416.1800537109375,1416.1800537109375,1434.27001953125,1343.3499755859375,1412.199951171875,71489310000,0.0028467166850427716
2012-12-01 00:00:00+00:00,1426.18994140625,1426.18994140625,1448.0,1398.1099853515625,1416.3399658203125,66388180000,0.007068230956284616
2013-01-01 00:00:00+00:00,1498.1099853515625,1498.1099853515625,1509.93994140625,1426.18994140625,1426.18994140625,75848510000,0.050428096466868855
2013-02-01 00:00:00+00:00,1514.6800537109375,1514.6800537109375,1530.93994140625,1485.010009765625,1498.1099853515625,69273480000,0.011060648765041536
2013-03-01 00:00:00+00:00,1569.18994140625,1569.18994140625,1570.280029296875,1501.47998046875,1514.6800537109375,68527110000,0.03598772398287298
2013-04-01 00:00:00+00:00,1597.5699462890625,1597.5699462890625,1597.5699462890625,1536.030029296875,1569.1800537109375,77098000000,0.018085767779890016
2013-05-01 00:00:00+00:00,1630.739990234375,1630.739990234375,1687.1800537109375,1581.280029296875,1597.550048828125,76447250000,0.020762811683057825
2013-06-01 00:00:00+00:00,1606.280029296875,1606.280029296875,1654.18994140625,1560.3299560546875,1631.7099609375,74946790000,-0.014999301595580827
2013-07-01 00:00:00+00:00,1685.72998046875,1685.72998046875,1698.780029296875,1604.5699462890625,1609.780029296875,68106820000,0.04946207991308538
2013-08-01 00:00:00+00:00,1632.969970703125,1632.969970703125,1709.6700439453125,1627.469970703125,1689.4200439453125,64802810000,-0.031298019479343964
2013-09-01 00:00:00+00:00,1681.550048828125,1681.550048828125,1729.8599853515625,1633.4100341796875,1635.949951171875,66174410000,0.029749523259195332
2013-10-01 00:00:00+00:00,1756.5400390625,1756.5400390625,1775.219970703125,1646.469970703125,1682.4100341796875,76647400000,0.04459575276194472
2013-11-01 00:00:00+00:00,1805.81005859375,1805.81005859375,1813.550048828125,1746.199951171875,1758.699951171875,63628190000,0.028049471367328715
2013-12-01 00:00:00+00:00,1848.3599853515625,1848.3599853515625,1849.43994140625,1767.989990234375,1806.550048828125,64958820000,0.023562791975445974
2014-01-01 00:00:00+00:00,1782.5899658203125,1782.5899658203125,1850.8399658203125,1770.449951171875,1845.8599853515625,75871910000,-0.035582905955811595
2014-02-01 00:00:00+00:00,1859.449951171875,1859.449951171875,1867.9200439453125,1737.9200439453125,1782.6800537109375,69725590000,0.0431170301781616
2014-03-01 00:00:00+00:00,1872.3399658203125,1872.3399658203125,1883.969970703125,1834.43994140625,1857.6800537109375,71885030000,0.006932165418227054
2014-04-01 00:00:00+00:00,1883.949951171875,1883.949951171875,1897.280029296875,1814.3599853515625,1873.9599609375,71595810000,0.006200789153414155
2014-05-01 00:00:00+00:00,1923.5699462890625,1923.5699462890625,1924.030029296875,1859.7900390625,1884.3900146484375,63623630000,0.02103028007328045
2014-06-01 00:00:00+00:00,1960.22998046875,1960.22998046875,1968.1700439453125,1915.97998046875,1923.8699951171875,63283380000,0.019058331749470137
2014-07-01 00:00:00+00:00,1930.6700439453125,1930.6700439453125,1991.3900146484375,1930.6700439453125,1962.2900390625,66524690000,-0.015079830845342368
2014-08-01 00:00:00+00:00,2003.3699951171875,2003.3699951171875,2005.0400390625,1904.780029296875,1929.800048828125,58131140000,0.037655295579825276
2014-09-01 00:00:00+00:00,1972.2900390625,1972.2900390625,2019.260009765625,1964.0400390625,2004.0699462890625,66706000000,-0.015513837249453988
2014-10-01 00:00:00+00:00,2018.050048828125,2018.050048828125,2018.18994140625,1820.6600341796875,1971.43994140625,93714040000,0.023201460667203078
2014-11-01 00:00:00+00:00,2067.56005859375,2067.56005859375,2075.760009765625,2001.010009765625,2018.2099609375,63600190000,0.02453358864631494
2014-12-01 00:00:00+00:00,2058.89990234375,2058.89990234375,2093.550048828125,1972.56005859375,2065.780029296875,80743820000,-0.004188587515997044
2015-01-01 00:00:00+00:00,1994.989990234375,1994.989990234375,2072.360107421875,1988.1199951171875,2058.89990234375,77330040000,-0.031040805838410623
2015-02-01 00:00:00+00:00,2104.5,2104.5,2119.590087890625,1980.9000244140625,1996.6700439453125,68775560000,0.0548925108906233
2015-03-01 00:00:00+00:00,2067.889892578125,2067.889892578125,2117.52001953125,2039.68994140625,2105.22998046875,76675850000,-0.017396107114219572
2015-04-01 00:00:00+00:00,2085.510009765625,2085.510009765625,2125.919921875,2048.3798828125,2067.6298828125,72060940000,0.008520819822535275
2015-05-01 00:00:00+00:00,2107.389892578125,2107.389892578125,2134.719970703125,2067.929931640625,2087.3798828125,65187730000,0.010491382304589791
2015-06-01 00:00:00+00:00,2063.110107421875,2063.110107421875,2129.8701171875,2056.320068359375,2108.639892578125,73213980000,-0.021011671979729973
2015-07-01 00:00:00+00:00,2103.840087890625,2103.840087890625,2132.820068359375,2044.02001953125,2067.0,77920590000,0.019742029435184882
2015-08-01 00:00:00+00:00,1972.1800537109375,1972.1800537109375,2112.659912109375,1867.010009765625,2104.489990234375,84626790000,-0.06258081825586559
2015-09-01 00:00:00+00:00,1920.030029296875,1920.030029296875,2020.8599853515625,1871.9100341796875,1970.0899658203125,79989370000,-0.026442831280001466
2015-10-01 00:00:00+00:00,2079.360107421875,2079.360107421875,2094.320068359375,1893.699951171875,1919.6500244140625,85844900000,0.08298311781266654
2015-11-01 00:00:00+00:00,2080.409912109375,2080.409912109375,2116.47998046875,2019.3900146484375,2080.760009765625,75943590000,0.0005048691103348713
2015-12-01 00:00:00+00:00,2043.93994140625,2043.93994140625,2104.27001953125,1993.260009765625,2082.929931640625,83649260000,-0.017530185032692547
2016-01-01 00:00:00+00:00,1940.239990234375,1940.239990234375,2038.199951171875,1812.2900390625,2038.199951171875,92409770000,-0.0507353220469523
2016-02-01 00:00:00+00:00,1932.22998046875,1932.22998046875,1962.9599609375,1810.0999755859375,1936.93994140625,93049560000,-0.0041283603090035426
2016-03-01 00:00:00+00:00,2059.739990234375,2059.739990234375,2072.2099609375,1937.0899658203125,1937.0899658203125,92639420000,0.06599111444005845
2016-04-01 00:00:00+00:00,2065.300048828125,2065.300048828125,2111.050048828125,2033.800048828125,2056.6201171875,81124990000,0.0026993982833325436
2016-05-01 00:00:00+00:00,2096.949951171875,2096.949951171875,2103.47998046875,2025.9100341796875,2067.169921875,78883600000,0.015324602525288444
2016-06-01 00:00:00+00:00,2098.860107421875,2098.860107421875,2120.550048828125,1991.6800537109375,2093.93994140625,86852700000,0.0009109212401243738
2016-07-01 00:00:00+00:00,2173.60009765625,2173.60009765625,2177.090087890625,2074.02001953125,2099.340087890625,69530250000,0.035609800753315435
2016-08-01 00:00:00+00:00,2170.949951171875,2170.949951171875,2193.81005859375,2147.580078125,2173.14990234375,75610310000,-0.0012192428990193127
2016-09-01 00:00:00+00:00,2168.27001953125,2168.27001953125,2187.8701171875,2119.1201171875,2171.330078125,77023620000,-0.0012344511393173052
2016-10-01 00:00:00+00:00,2126.14990234375,2126.14990234375,2169.60009765625,2114.719970703125,2164.330078125,72915530000,-0.01942567890903446
2016-11-01 00:00:00+00:00,2198.81005859375,2198.81005859375,2214.10009765625,2083.7900390625,2128.679931640625,88445380000,0.034174521829295035
2016-12-01 00:00:00+00:00,2238.830078125,2238.830078125,2277.530029296875,2187.43994140625,2200.169921875,75344550000,0.01820076244186586
2017-01-01 00:00:00+00:00,2278.8701171875,2278.8701171875,2300.989990234375,2245.1298828125,2251.570068359375,70576420000,0.01788435819838252
2017-02-01 00:00:00+00:00,2363.639892578125,2363.639892578125,2371.5400390625,2271.64990234375,2285.590087890625,69260940000,0.03719816006681631
2017-03-01 00:00:00+00:00,2362.719970703125,2362.719970703125,2400.97998046875,2322.25,2380.1298828125,81664010000,-0.0003891971352694146
2017-04-01 00:00:00+00:00,2384.199951171875,2384.199951171875,2398.159912109375,2328.949951171875,2362.340087890625,65369860000,0.009091208748854607
2017-05-01 00:00:00+00:00,2411.800048828125,2411.800048828125,2418.7099609375,2352.719970703125,2388.5,79719460000,0.011576251246328662
2017-06-01 00:00:00+00:00,2423.409912109375,2423.409912109375,2453.820068359375,2405.699951171875,2415.64990234375,81078810000,0.004813775207812565
2017-07-01 00:00:00+00:00,2470.300048828125,2470.300048828125,2484.0400390625,2407.699951171875,2431.389892578125,63348090000,0.019348826001101882
2017-08-01 00:00:00+00:00,2471.64990234375,2471.64990234375,2490.8701171875,2417.35009765625,2477.10009765625,70784900000,0.000546433019853243
2017-09-01 00:00:00+00:00,2519.360107421875,2519.360107421875,2519.43994140625,2446.550048828125,2474.419921875,66624120000,0.019302978562167672
2017-10-01 00:00:00+00:00,2575.260009765625,2575.260009765625,2582.97998046875,2520.39990234375,2521.199951171875,71088550000,0.02218813506615125
2017-11-01 00:00:00+00:00,2647.580078125,2647.580078125,2657.739990234375,2557.449951171875,2583.2099609375,73416960000,0.028082627806563343
2017-12-01 00:00:00+00:00,2673.610107421875,2673.610107421875,2694.969970703125,2605.52001953125,2645.10009765625,65531700000,0.009831630594270502
2018-01-01 00:00:00+00:00,2823.81005859375,2823.81005859375,2872.8701171875,2682.360107421875,2683.72998046875,77318690000,0.05617870412552817
2018-02-01 00:00:00+00:00,2713.830078125,2713.830078125,2835.9599609375,2532.68994140625,2816.449951171875,79933970000,-0.0389473718793677
2018-03-01 00:00:00+00:00,2640.8701171875,2640.8701171875,2801.89990234375,2585.889892578125,2715.219970703125,76803890000,-0.02688449860055664
2018-04-01 00:00:00+00:00,2648.050048828125,2648.050048828125,2717.489990234375,2553.800048828125,2633.449951171875,70194700000,0.0027187749953683227
2018-05-01 00:00:00+00:00,2705.27001953125,2705.27001953125,2742.239990234375,2594.6201171875,2642.9599609375,76011820000,0.0216083418545836
2018-06-01 00:00:00+00:00,2718.3701171875,2718.3701171875,2791.469970703125,2691.989990234375,2718.699951171875,77891360000,0.00484243626760783
2018-07-01 00:00:00+00:00,2816.2900390625,2816.2900390625,2848.030029296875,2698.949951171875,2704.949951171875,64898300000,0.03602155617289915
2018-08-01 00:00:00+00:00,2901.52001953125,2901.52001953125,2916.5,2796.340087890625,2821.169921875,69523070000,0.030263211276748248
2018-09-01 00:00:00+00:00,2913.97998046875,2913.97998046875,2940.909912109375,2864.1201171875,2896.9599609375,63031510000,0.0042942874264617625
2018-10-01 00:00:00+00:00,2711.739990234375,2711.739990234375,2939.860107421875,2603.5400390625,2926.2900390625,91930980000,-0.0694033560936963
2018-11-01 00:00:00+00:00,2760.169921875,2760.169921875,2815.14990234375,2631.090087890625,2717.580078125,80620020000,0.01785935665477978
2018-12-01 00:00:00+00:00,2506.85009765625,2506.85009765625,2800.179931640625,2346.580078125,2790.5,84162180000,-0.09177689467997252
2019-01-01 00:00:00+00:00,2704.10009765625,2704.10009765625,2708.949951171875,2443.9599609375,2476.9599609375,80859870000,0.07868440166582613
2019-02-01 00:00:00+00:00,2784.489990234375,2784.489990234375,2813.489990234375,2681.830078125,2702.320068359375,70638770000,0.029728889343927145
2019-03-01 00:00:00+00:00,2834.39990234375,2834.39990234375,2860.31005859375,2722.27001953125,2798.219970703125,79159660000,0.01792425624958849
2019-04-01 00:00:00+00:00,2945.830078125,2945.830078125,2949.52001953125,2848.6298828125,2848.6298828125,70090370000,0.03931349831373798
2019-05-01 00:00:00+00:00,2752.06005859375,2752.06005859375,2954.1298828125,2750.52001953125,2952.330078125,77250740000,-0.0657777313668354
2019-06-01 00:00:00+00:00,2941.760009765625,2941.760009765625,2964.14990234375,2728.81005859375,2751.530029296875,71250630000,0.0689301639982407
2019-07-01 00:00:00+00:00,2980.3798828125,2980.3798828125,3027.97998046875,2952.219970703125,2971.409912109375,70599470000,0.013128152166957952
2019-08-01 00:00:00+00:00,2926.4599609375,2926.4599609375,3013.590087890625,2822.1201171875,2980.320068359375,80269220000,-0.018091627240523933
2019-09-01 00:00:00+00:00,2976.739990234375,2976.739990234375,3021.989990234375,2891.85009765625,2909.010009765625,74178980000,0.017181177931020697
2019-10-01 00:00:00+00:00,3037.56005859375,3037.56005859375,3050.10009765625,2855.93994140625,2983.68994140625,77720640000,0.020431770513684056
2019-11-01 00:00:00+00:00,3140.97998046875,3140.97998046875,3154.260009765625,3050.719970703125,3050.719970703125,72410620000,0.034047037714499906
2019-12-01 00:00:00+00:00,3230.780029296875,3230.780029296875,3247.929931640625,3070.330078125,3143.85009765625,72325540000,0.02858981890573009
2020-01-01 00:00:00+00:00,3225.52001953125,3225.52001953125,3337.77001953125,3214.639892578125,3244.669921875,77287980000,-0.0016280928190489652
2020-02-01 00:00:00+00:00,2954.219970703125,2954.219970703125,3393.52001953125,2855.840087890625,3235.659912109375,84436590000,-0.08411048363840312
2020-03-01 00:00:00+00:00,2584.590087890625,2584.590087890625,3136.719970703125,2191.860107421875,2974.280029296875,162185380000,-0.12511928240892822
2020-04-01 00:00:00+00:00,2912.429931640625,2912.429931640625,2954.860107421875,2447.489990234375,2498.080078125,123608160000,0.1268440381652789
2020-05-01 00:00:00+00:00,3044.31005859375,3044.31005859375,3068.669921875,2766.639892578125,2869.090087890625,107135190000,0.04528181966555822
2020-06-01 00:00:00+00:00,3100.2900390625,3100.2900390625,3233.1298828125,2965.659912109375,3038.780029296875,131458880000,0.01838839651392421
2020-07-01 00:00:00+00:00,3271.1201171875,3271.1201171875,3279.989990234375,3101.169921875,3105.919921875,96928130000,0.055101321480443666
2020-08-01 00:00:00+00:00,3500.31005859375,3500.31005859375,3514.77001953125,3284.530029296875,3288.260009765625,82466520000,0.07006466690171775
2020-09-01 00:00:00+00:00,3363.0,3363.0,3588.110107421875,3209.449951171875,3507.43994140625,92310780000,-0.039227970178423055
2020-10-01 00:00:00+00:00,3269.9599609375,3269.9599609375,3549.85009765625,3233.93994140625,3385.8701171875,89938980000,-0.027665786221379718
2020-11-01 00:00:00+00:00,3621.6298828125,3621.6298828125,3645.989990234375,3279.739990234375,3296.199951171875,101247180000,0.10754563544385909
2020-12-01 00:00:00+00:00,3756.070068359375,3756.070068359375,3760.199951171875,3633.39990234375,3645.8701171875,96375680000,0.03712145909357001
2021-01-01 00:00:00+00:00,3714.239990234375,3714.239990234375,3870.89990234375,3662.7099609375,3764.610107421875,106117800000,-0.011136660755445171
2021-02-01 00:00:00+00:00,3811.14990234375,3811.14990234375,3950.429931640625,3725.6201171875,3731.169921875,99082320000,0.026091451377448394
2021-03-01 00:00:00+00:00,3972.889892578125,3972.889892578125,3994.409912109375,3723.340087890625,3842.510009765625,122371150000,0.042438632533165155
2021-04-01 00:00:00+00:00,4181.169921875,4181.169921875,4218.77978515625,3992.780029296875,3992.780029296875,83124090000,0.05242532134755851
2021-05-01 00:00:00+00:00,4204.10986328125,4204.10986328125,4238.0400390625,4056.8798828125,4191.97998046875,88321860000,0.00548648867060697
2021-06-01 00:00:00+00:00,4297.5,4297.5,4302.43017578125,4164.39990234375,4216.52001953125,102544180000,0.022214009565834747
2021-07-01 00:00:00+00:00,4395.259765625,4395.259765625,4429.97021484375,4233.1298828125,4300.72998046875,84255620000,0.02274805482838871
2021-08-01 00:00:00+00:00,4522.68017578125,4522.68017578125,4537.35986328125,4367.72998046875,4406.85986328125,80500760000,0.028990416255438634
2021-09-01 00:00:00+00:00,4307.5400390625,4307.5400390625,4545.85009765625,4305.91015625,4528.7998046875,85528860000,-0.047569168801901096
2021-10-01 00:00:00+00:00,4605.3798828125,4605.3798828125,4608.080078125,4278.93994140625,4317.16015625,80253600000,0.0691438364006065
2021-11-01 00:00:00+00:00,4567.0,4567.0,4743.830078125,4560.0,4610.6201171875,88268840000,-0.008333706184746159
2021-12-01 00:00:00+00:00,4766.18017578125,4766.18017578125,4808.93017578125,4495.1201171875,4602.81982421875,92750180000,0.04361291346206486
2022-01-01 00:00:00+00:00,4515.5498046875,4515.5498046875,4818.6201171875,4222.6201171875,4778.14013671875,95562890000,-0.052585165027393854
2022-02-01 00:00:00+00:00,4373.93994140625,4373.93994140625,4595.31005859375,4114.64990234375,4519.56982421875,92667710000,-0.031360491945908286
2022-03-01 00:00:00+00:00,4530.41015625,4530.41015625,4637.2998046875,4157.8701171875,4363.14013671875,123546260000,0.03577328837154625
2022-04-01 00:00:00+00:00,4131.93017578125,4131.93017578125,4593.4501953125,4124.27978515625,4540.31982421875,90367840000,-0.08795671180434306
2022-05-01 00:00:00+00:00,4132.14990234375,4132.14990234375,4307.66015625,3810.320068359375,4130.60986328125,108860390000,5.317770464463578e-05
2022-06-01 00:00:00+00:00,3785.3798828125,3785.3798828125,4177.509765625,3636.8701171875,4149.77978515625,106116710000,-0.08391999993382682
2022-07-01 00:00:00+00:00,4130.2900390625,4130.2900390625,4140.14990234375,3721.56005859375,3781.0,81688320000,0.09111639173021002
2022-08-01 00:00:00+00:00,3955.0,3955.0,4325.27978515625,3954.530029296875,4112.3798828125,92252350000,-0.04244012827299837
2022-09-01 00:00:00+00:00,3585.6201171875,3585.6201171875,4119.27978515625,3584.1298828125,3936.72998046875,94241020000,-0.09339567201327437
2022-10-01 00:00:00+00:00,3871.97998046875,3871.97998046875,3905.419921875,3491.580078125,3609.780029296875,95823760000,0.0798634138370089
2022-11-01 00:00:00+00:00,4080.110107421875,4080.110107421875,4080.110107421875,3698.14990234375,3901.7900390625,92671910000,0.053752893352493114
2022-12-01 00:00:00+00:00,3839.5,3839.5,4100.9599609375,3764.489990234375,4087.139892578125,85249330000,-0.05897147407473047
2023-01-01 00:00:00+00:00,4076.60009765625,4076.60009765625,4094.2099609375,3794.330078125,3853.2900390625,80763810000,0.0617528578346791
2023-02-01 00:00:00+00:00,3970.14990234375,3970.14990234375,4195.43994140625,3943.080078125,4070.070068359375,80392280000,-0.02611249393181858
2023-03-01 00:00:00+00:00,4109.31005859375,4109.31005859375,4110.75,3808.860107421875,3963.340087890625,113094800000,0.03505161257710898
2023-04-01 00:00:00+00:00,4169.47998046875,4169.47998046875,4170.06005859375,4049.35009765625,4102.2001953125,70861260000,0.014642341662481018
2023-05-01 00:00:00+00:00,4179.830078125,4179.830078125,4231.10009765625,4048.280029296875,4166.7900390625,88929200000,0.002482347368192972
2023-06-01 00:00:00+00:00,4450.3798828125,4450.3798828125,4458.47998046875,4171.64013671875,4183.02978515625,87983140000,0.06472746490423464
2023-07-01 00:00:00+00:00,4588.9599609375,4588.9599609375,4607.06982421875,4385.0498046875,4450.47998046875,75063200000,0.031138932355010862
2023-08-01 00:00:00+00:00,4507.66015625,4507.66015625,4584.6201171875,4335.31005859375,4578.830078125,86840820000,-0.017716390070854016
2023-09-01 00:00:00+00:00,4288.0498046875,4288.0498046875,4541.25,4238.6298828125,4530.60009765625,73482980000,-0.048719367465624885
2023-10-01 00:00:00+00:00,4193.7998046875,4193.7998046875,4393.56982421875,4103.77978515625,4284.52001953125,83519460000,-0.02197968873798295
2023-11-01 00:00:00+00:00,4567.7998046875,4567.7998046875,4587.64013671875,4197.740234375,4201.27001953125,80970570000,0.08917926878197013
2023-12-01 00:00:00+00:00,4769.830078125,4769.830078125,4793.2998046875,4546.5,4559.43017578125,81530670000,0.04422923115636013
2024-01-01 00:00:00+00:00,4845.64990234375,4845.64990234375,4931.08984375,4682.10986328125,4745.2001953125,81737880000,0.015895707598991615
2024-02-01 00:00:00+00:00,5096.27001953125,5096.27001953125,5111.06005859375,4853.52001953125,4861.10986328125,82066930000,0.05172064062372317
2024-03-01 00:00:00+00:00,5254.35009765625,5254.35009765625,5264.85009765625,5056.81982421875,5098.509765625,86299510000,0.031018779915342964
2024-04-01 00:00:00+00:00,5035.68994140625,5035.68994140625,5263.9501953125,4953.56005859375,5257.97021484375,81747170000,-0.04161507173789869
2024-05-01 00:00:00+00:00,5277.509765625,5277.509765625,5341.8798828125,5011.0498046875,5029.02978515625,86849720000,0.0480211901511991
2024-06-01 00:00:00+00:00,5460.47998046875,5460.47998046875,5523.64013671875,5234.31982421875,5297.14990234375,76025620000,0.03466980128308328
2024-07-01 00:00:00+00:00,5522.2998046875,5522.2998046875,5669.669921875,5390.9501953125,5471.080078125,80160390000,0.011321316887868749
2024-08-01 00:00:00+00:00,5648.39990234375,5648.39990234375,5651.6201171875,5119.259765625,5537.83984375,81097300000,0.022834706936630367
2024-09-01 00:00:00+00:00,5762.47998046875,5762.47998046875,5767.3701171875,5402.6201171875,5623.89013671875,79564830000,0.020196884090601275
2024-10-01 00:00:00+00:00,5705.4501953125,5705.4501953125,5878.4599609375,5674.0,5757.72998046875,82412430000,-0.009896743303151712
2024-11-01 00:00:00+00:00,5728.7998046875,5728.7998046875,5772.52001953125,5723.22021484375,5723.22021484375,3796450000,0.004092509543626166
